elbow_angle,shoulder_angle,hip_angle,knee_angle,label
104.54297756015724,36.95496759052648,63.510319925002136,168.92596591741338,bicep_curl
167.90135824570598,25.26365122901082,132.72919703931532,46.260661909378356,bicep_curl
176.60464131430356,24.26074529514069,138.85189991528495,54.092888041763466,bicep_curl
174.9919614098399,23.772903341045367,127.4696934657313,42.27116262818455,bicep_curl
168.8406104454748,27.52044501423271,148.99978353771985,65.24766827771468,bicep_curl
175.01355341081495,24.12078434886781,127.44689745219654,34.95665318261436,bicep_curl
177.17588479206663,22.166780098296723,139.7074972341144,57.02934814088689,bicep_curl
176.15978372734605,25.10381171315094,142.94231308108488,59.427051406409255,bicep_curl
178.63075627701346,22.32138853416167,130.84027134413884,45.678376251847645,bicep_curl
179.66567898676536,22.881573780916845,120.12994965544735,35.53971650003567,bicep_curl
177.7370849882121,21.46763058054351,128.74645324484825,42.883761319815314,bicep_curl
179.5818576173609,21.006263790704047,127.44548019793422,41.054019599842334,bicep_curl
179.658731049827,21.291860875767473,127.75841618019714,41.819076916309726,bicep_curl
176.9795850329321,23.685189444461727,127.45791176379817,42.26455977641744,bicep_curl
177.93623039647832,22.03223425007916,123.24066002926781,36.77999708174884,bicep_curl
177.79479793098636,19.585996201227854,101.19314345639242,10.800695804436813,bicep_curl
175.86191571790735,22.510924032731165,22.13710129285775,62.287931592703245,bicep_curl
166.53541623105957,22.460952447100038,5.267199918751014,81.32424249021108,bicep_curl
138.83394799541026,23.34175684276405,16.994198084598043,123.39021827923816,bicep_curl
148.59460743458158,24.577059611165385,21.31779477652247,62.32879393001347,bicep_curl
171.44228927361596,22.803381801032014,35.19240393035919,47.941335498492734,bicep_curl
154.71997218355583,22.211637755541314,1.3832937443533377,107.8625886127606,bicep_curl
173.5182276468015,18.66242188085247,39.336105305395414,72.2635692827292,bicep_curl
151.05666381113684,21.098732853234946,31.193560686133146,134.03760499294313,bicep_curl
147.40332771119608,16.893052083543438,22.29496681191166,147.50464218974128,bicep_curl
155.33336132271995,18.72750383185701,55.54704180313775,127.36090185057822,bicep_curl
162.24372387079936,18.5027162972639,68.54636423444133,63.362539913190325,bicep_curl
172.63235786476574,18.642784163798733,92.29990920868073,33.58195954246431,bicep_curl
171.8910505583649,20.362766671006355,93.74315365797588,40.13297916040808,bicep_curl
159.4009747094612,27.141267238810293,91.50772535301172,20.240456632982493,bicep_curl
149.15549303997375,27.843826835915724,119.01685528979806,14.381639861664032,bicep_curl
140.72509168129045,29.332051777494648,129.57264535507113,44.26323387693596,bicep_curl
140.88694425164613,28.93229738912619,122.91080866624117,38.28099917456298,bicep_curl
166.24946008918513,19.740529008423316,178.3967591745104,69.4952699639774,bicep_curl
152.6758518585952,30.198513418853633,137.7106630145318,53.453926538416994,bicep_curl
157.20964532587462,27.689384456086508,156.16702909055195,72.33653982247452,bicep_curl
167.3543592873741,22.312184057562565,162.16315287518634,78.35732486828779,bicep_curl
167.74483813174788,21.772845514705867,141.41258610354902,56.65508881062567,bicep_curl
170.99711001296254,20.20087354956497,129.91718724828044,43.97589787226188,bicep_curl
177.62415181214553,18.733575623253145,121.98677000986325,34.574012701261516,bicep_curl
177.28539342925754,20.942515958360158,123.97352806841135,37.417253136766796,bicep_curl
175.56212470491167,21.11795973155127,122.32170753072864,35.28057466240204,bicep_curl
172.92617189159853,20.689395828941883,119.30148473630612,32.79153787190126,bicep_curl
169.54779304776739,22.89115712096187,121.95645893298007,35.22153368813583,bicep_curl
165.35840987490155,23.77971572385262,123.48753415895834,31.953402310782096,bicep_curl
166.64924909484677,23.87054621325011,124.0486624694729,20.67303108459395,bicep_curl
167.75479049223117,24.178506221211695,125.69932258841558,30.101395417354563,bicep_curl
163.23546586345566,24.520765736536465,127.24824108526673,38.52437345844994,bicep_curl
156.12980887993507,25.129568547453708,127.66144774042266,40.09288765683993,bicep_curl
147.10191690385946,24.79154661846265,118.13304019030363,4.026253909101198,bicep_curl
118.63682798498942,23.813749947917298,128.7266037854293,26.502693948493718,bicep_curl
81.3994915231079,25.17205069370413,127.2959496107261,34.38981005037053,bicep_curl
56.985268316907124,26.78040322012211,126.71705894475235,26.57871411539151,bicep_curl
39.75969374478136,28.103359473476917,136.37023901897226,34.87270646937863,bicep_curl
23.8460294560789,32.607535663020634,135.75198248887946,45.712578400968,bicep_curl
23.359431401676957,34.49295498435478,139.09877849100454,51.3127036388266,bicep_curl
22.080459746782765,35.79561764016058,135.75383029880243,48.52255228913801,bicep_curl
24.801148404746545,34.26330278858754,130.10738882902902,43.44552315804642,bicep_curl
28.038352523691643,34.92683119908936,129.84943357838563,43.183986447721104,bicep_curl
29.034802234406772,33.87248812547735,131.5593155559595,18.211788861467973,bicep_curl
38.095530869035656,32.74855636132063,126.87061151157246,16.907100684694623,bicep_curl
57.17212177215272,28.54046911557103,134.80286110332955,28.672167871835544,bicep_curl
83.08051507720542,27.26014429824399,134.51891812652002,30.883582110842067,bicep_curl
98.87061336571152,25.202583612415417,129.55581677161663,27.374753369166104,bicep_curl
137.25743170175002,28.39046379801271,143.23968269794543,40.170087145127816,bicep_curl
156.44937027580892,25.862919266289868,133.49421556674548,38.800225521530486,bicep_curl
164.61130004058685,25.58478999314259,133.7589333731923,38.571754634729274,bicep_curl
166.34450668866253,25.04464983168512,130.53265806674332,39.694431199516785,bicep_curl
169.5316412975349,26.131322279061386,132.4705161896747,45.111115593388355,bicep_curl
169.90805927582056,26.403010238982294,129.77830125535684,42.69191896539274,bicep_curl
169.77775185043822,27.209418232637656,134.61575415225198,47.67323416461166,bicep_curl
164.75461074775305,25.564782588968068,133.679861101267,36.823343331357265,bicep_curl
150.86682331859416,27.67254998505165,132.10796938134888,24.533350945949863,bicep_curl
117.69214564938548,26.62395144273024,143.20307929343608,46.91853213302676,bicep_curl
73.31682956727072,23.66809864085952,133.2503368187992,33.90116342501741,bicep_curl
46.552987880038216,25.155413011507658,138.08900787810458,34.47554036149583,bicep_curl
31.873812407484333,30.435031712085518,135.334720169871,48.04682449541237,bicep_curl
27.901331366121312,31.26485698763864,140.10294248347003,52.655631764811346,bicep_curl
23.397009444925146,32.22064713689689,145.4299772895773,58.02278766853364,bicep_curl
18.59385216596884,31.430273714569804,147.38974022152337,59.32375960304806,bicep_curl
17.725059071205173,32.89057512883908,150.47828096820191,116.83697633166679,bicep_curl
16.959096490248434,32.813084038776054,149.72879028288645,62.208740337895875,bicep_curl
18.004006488514,32.28997970625207,146.84995541318452,59.415200001882475,bicep_curl
16.96057896986245,29.280872292911287,141.0528769264084,54.33227689358317,bicep_curl
21.2009986653838,30.71205098683794,142.6240492408467,56.158593287937364,bicep_curl
28.110048040770494,30.40355229108348,138.97070057948895,52.514706700847455,bicep_curl
29.103426345667724,27.74294583100685,141.42868355086966,47.08675291121729,bicep_curl
37.71284576175097,24.31196890175909,140.22045975770465,42.18361090906742,bicep_curl
34.816292492860796,23.717311587175537,148.24725103581974,48.30527013626794,bicep_curl
80.932147174993,27.923214136880407,136.88598587541958,37.64329185805797,bicep_curl
168.61885663118653,26.819777800750575,128.95938320088257,34.303034130145676,bicep_curl
169.49369101315935,25.305338024048343,130.31309057898704,36.014567999716355,bicep_curl
168.12262204281586,26.34165440876307,130.01244130539408,43.877807042750405,bicep_curl
168.2440196078487,26.156765870541488,126.50621414497485,36.472242714388656,bicep_curl
165.17075207278816,24.53922429432831,129.05993984414417,29.28581447292766,bicep_curl
165.17075207278816,24.53922429432831,129.05993984414417,29.28581447292766,bicep_curl
107.71810710258636,22.523007430665416,128.70537064869913,31.129391590081863,bicep_curl
107.71810710258636,22.523007430665416,128.70537064869913,31.129391590081863,bicep_curl
57.58123740040694,24.865974277040856,132.1482645905351,28.40658680478684,bicep_curl
34.30679455496815,25.233221574271255,133.12124678958176,27.857369982625507,bicep_curl
28.45544509736999,30.17449122925486,139.10798946103185,52.69763989739401,bicep_curl
23.18974736046813,32.73244460027588,149.42592947646068,62.25631153261904,bicep_curl
18.21038567774074,33.670316871065616,141.80162981589737,54.34953475345712,bicep_curl
18.21038567774074,33.670316871065616,141.80162981589737,54.34953475345712,bicep_curl
24.27132697803295,32.911426250502934,138.82423139919393,51.10861379195655,bicep_curl
30.485671953359553,30.947796689941157,131.29793421073066,42.74667406524293,bicep_curl
30.485671953359553,30.947796689941157,131.29793421073066,42.74667406524293,bicep_curl
45.81889361928445,27.467146211898385,123.49710257472537,2.729134711325953,bicep_curl
80.8196424133178,24.055870205686254,131.93823588619452,26.986006233206364,bicep_curl
118.8988486252598,20.034632277358984,153.58882812512255,61.55556286527696,bicep_curl
145.98261070744192,22.050353189180257,148.13891054606253,60.978478748444246,bicep_curl
153.23659750913274,16.571459586804686,145.1447401546576,53.899289837994154,bicep_curl
156.01600479811444,17.86060698010855,125.59847200986408,37.5344671623376,bicep_curl
153.90042709388666,17.68306335273038,125.67103131467883,38.335570993779356,bicep_curl
158.6590453130953,19.594262966725957,125.27224630811634,29.098165437526497,bicep_curl
156.37956832736657,14.730900584218604,141.33775102985595,53.27315597591875,bicep_curl
159.76059026189955,13.226342827699005,134.6468005178999,44.07804265590556,bicep_curl
156.3435799023213,10.98290115033819,135.95840851723096,46.42874838875418,bicep_curl
155.83930744530443,11.308680178040726,145.0914336299105,54.78510782377603,bicep_curl
146.4346560303502,16.43804155053661,150.2770531261324,60.05631790623329,bicep_curl
128.06900489810556,15.961495200072976,148.72232075833827,58.79553790995626,bicep_curl
99.49079788906892,11.182172317655041,148.60216233669726,58.20538642440598,bicep_curl
103.05626703830825,22.288439526279127,144.3508257432234,55.289856705058995,bicep_curl
89.27086873235208,22.603941578643727,146.49902928189246,57.795285640280945,bicep_curl
65.9200277086547,18.71255691576056,145.74026828159887,58.29649962970201,bicep_curl
58.25557940889411,17.373351806972313,148.32733781836018,61.6498934529852,bicep_curl
44.948984497462085,17.501935922831795,159.06455283132678,71.56951224392468,bicep_curl
42.61117654852482,16.7079389943252,161.15065158207463,73.82898133910932,bicep_curl
47.391363973212215,18.085780648191612,160.79115143614052,72.58641039185503,bicep_curl
45.63806146850365,19.68156502445264,159.29294127396795,70.9595262567342,bicep_curl
62.64545542632709,19.059556428603226,160.8920518469507,109.23866628119197,bicep_curl
74.1488664616505,17.947509645427658,156.8442960864142,67.9099614497031,bicep_curl
95.2447646794021,20.16320024823887,156.2304215854784,7.266255363830591,bicep_curl
102.39120918961879,17.934835977743944,152.39254221872332,1.1131339524853578,bicep_curl
111.49408100232336,20.25445527940031,147.2890653192254,56.523085527277296,bicep_curl
124.99856375008366,8.488147446616791,153.74415788430966,62.974275365532165,bicep_curl
129.77348786818425,11.527054341410649,146.85915975473318,56.49100801345055,bicep_curl
131.14707430914564,10.821899840638403,141.62872326509532,52.22279010492245,bicep_curl
141.7372549034665,10.72282629821584,167.74455064778948,54.26421432702702,bicep_curl
152.5094810966457,10.411420369503949,161.9705291783805,71.52818999618154,bicep_curl
162.3694106844566,14.332573616466261,154.63654748794823,64.02759174723093,bicep_curl
164.6665055711517,16.09206252499844,157.68401563423535,65.97472070385376,bicep_curl
160.91886552214316,14.474402367469079,160.78969178428017,69.4601305973882,bicep_curl
156.3417696701324,13.90479625017338,155.58994821130042,65.81126885983915,bicep_curl
140.20048496074833,13.817752402151557,146.57078468686302,57.27569842815842,bicep_curl
128.84286217186514,9.72219628606723,147.61324308670342,55.98799570470017,bicep_curl
123.14721149601945,5.453988391304365,151.26493426869695,59.91230246605428,bicep_curl
99.308844538544,21.11961987333112,160.38587938392007,56.40406583690083,bicep_curl
84.53119633965456,20.428320537081593,149.9648033586938,58.53996859017347,bicep_curl
67.93012973051533,14.221917755526825,151.78204975293013,29.517387076529477,bicep_curl
60.32754555740411,15.07420393511573,155.91874447319344,36.315268981585966,bicep_curl
47.52035207562958,12.844013418163966,167.8028765184579,73.4441626806461,bicep_curl
46.35443969499589,18.21109586681493,165.65465604697954,71.85119898190949,bicep_curl
68.14313811127236,18.00933041135925,155.28929251403562,31.782428865340016,bicep_curl
76.70899476715846,19.840457808811863,156.3681678080218,9.165944659657024,bicep_curl
88.9290988834029,22.6313308789657,152.42467571219277,105.0247371303404,bicep_curl
104.16687030123411,16.40520154358667,147.85876717513392,125.62372797553502,bicep_curl
133.10941672122198,11.901266206544042,148.55136682674748,124.38558294619264,bicep_curl
128.732480827745,17.095897924537542,143.27670591030886,129.27668040079402,bicep_curl
151.60622474789784,21.537343025566503,151.0192505254531,59.281560139539174,bicep_curl
163.96414324631147,17.415986346616688,170.15162205648562,78.01289620655574,bicep_curl
169.7869625675576,16.840393723249303,168.77905904275704,78.72031678122596,bicep_curl
172.34233270933353,18.36716456580345,164.70492103942132,74.76707617211663,bicep_curl
174.69610688605297,19.78314993153878,167.84805449836108,77.5364323056702,bicep_curl
171.44700874395258,16.39549255874184,168.2496826589315,78.19551696465635,bicep_curl
172.50233098201815,17.292505363094172,167.2873249908031,77.0486285089692,bicep_curl
169.96732903505776,18.632561811231106,178.5685465389066,86.3752582476968,bicep_curl
164.83200558507878,16.638013248155172,150.90710378391978,122.35190628515545,bicep_curl
134.50624953980994,22.043582884518255,155.42752729756901,63.09711629968973,bicep_curl
113.87356368552932,10.497694281435031,150.06142444255042,58.155095735882156,bicep_curl
101.30097409081542,27.07767327083645,153.72539746807817,61.438973246828276,bicep_curl
95.59221520377098,18.90709296147192,152.32431302946924,120.1902988485084,bicep_curl
70.31879149280425,13.817412375573168,154.4641303076017,30.316637650951407,bicep_curl
56.21070433351154,13.557147046091327,160.59890031547832,19.892874387467867,bicep_curl
50.11271409615643,13.164053317957944,164.08716025212144,110.56188386691161,bicep_curl
31.810739268892693,9.141687676522805,165.60877988617958,29.40391332255781,bicep_curl
41.64186316481625,11.923359311731948,166.52661614269087,72.27035693379675,bicep_curl
48.07025724111246,14.277674468415164,163.91052699128787,69.68572458175585,bicep_curl
67.0166997988423,20.10539291907211,158.5321730976696,64.36861549549445,bicep_curl
72.94286559629204,18.966248700637458,154.2089229701034,61.60933845491834,bicep_curl
91.78345318704957,21.516285577209395,156.0980468574094,62.71319903802552,bicep_curl
108.74777507842126,16.58657539531547,145.3089948068914,128.76313261215677,bicep_curl
93.60796127927247,19.02742492892102,149.31336882717287,124.26712345547458,bicep_curl
114.02591751594295,12.654668671946983,156.58254639077734,117.50201990581391,bicep_curl
132.37733203032315,10.855423187321177,148.60225289616946,69.83045977099952,bicep_curl
149.7238505333097,19.470937980580402,157.73182697654198,29.15260138102144,bicep_curl
167.1741695310479,16.150083831023988,154.79208182324888,29.541633571555717,bicep_curl
171.64897446164863,21.243178512476042,167.36907002092548,73.90053444976898,bicep_curl
168.8231676727261,18.168582404183255,155.29715844380902,63.29789013597403,bicep_curl
171.48930482144775,17.129643879819618,160.68218100007635,68.4002714474294,bicep_curl
175.05858879694026,19.385753248036032,170.42230275654512,79.09351726095402,bicep_curl
172.8552841178036,17.64851983286499,166.6863637869806,76.29790780847976,bicep_curl
171.9160509412552,17.659224524850586,163.01971840089024,71.03679521792202,bicep_curl
173.26385509622392,21.543734750794044,168.66751189750534,75.23681619645048,bicep_curl
164.9063901706628,18.498133549252817,158.7243559341245,59.401063030638944,bicep_curl
142.46668770740624,14.80148779089147,150.65885729516185,122.70001583158566,bicep_curl
144.42168825296645,8.044477629084037,151.77025031903545,76.1134120874492,bicep_curl
116.65507940260537,12.343879272975396,148.08722365277615,55.87285645763433,bicep_curl
95.85157990512687,15.097614446483272,153.43957756752152,19.706948627617688,bicep_curl
79.21850887949489,11.474725398350536,157.28698387508993,31.044165979942157,bicep_curl
72.68288120432962,12.969145242284311,167.8912758647729,73.26516654593094,bicep_curl
62.549897220339226,13.488155944465795,172.41207033842477,18.35521514679391,bicep_curl
74.01460858355078,9.706331809167972,168.01797694457076,17.883194820880085,bicep_curl
73.80655187651439,11.348714611731817,155.76728174428985,5.470174754306415,bicep_curl
98.40276527598253,19.095522876873314,155.72565722351615,17.49666233131742,bicep_curl
100.12077739668605,17.64889686170368,146.54739871650912,126.16629022146898,bicep_curl
128.25688486582249,18.92382346073769,147.98985684376024,125.60065373658765,bicep_curl
155.4807376718226,22.320586274010523,157.373943991002,115.44083604514597,bicep_curl
165.2769681368359,18.903877056536043,165.7972626087223,74.07834653656299,bicep_curl
168.53304800827195,15.895393397111558,175.4820569990753,84.23710624983464,bicep_curl
175.89783309658006,17.69457923922553,164.18253014416175,72.27859418714746,bicep_curl
172.26389765270488,14.180281123113433,174.25505797829263,84.36386858026678,bicep_curl
170.2295171231133,10.862787580545959,174.43534593504853,96.85793046038827,bicep_curl
177.22131737039604,17.183556011954945,158.60800120155258,112.06537858017722,bicep_curl
165.55798601337787,19.31582374672137,157.94303124330213,115.57799267803526,bicep_curl
146.01260211013036,18.076302378845032,155.4917775215682,115.33122390649899,bicep_curl
108.39149947057851,2.814492733507209,152.98732696860523,61.84270232663988,bicep_curl
95.31919118649785,18.682550098374165,148.44287717448077,56.78432243158678,bicep_curl
80.83265317485308,16.280121639815494,150.53233152684905,59.466856748949425,bicep_curl
71.27575385433241,12.257145930666656,156.9381778165233,1.2323387629473301,bicep_curl
34.00366225616359,8.169151740242489,168.17612272488526,50.013383288090324,bicep_curl
39.317188859380046,10.81855632231912,168.68776173666174,46.80559861324551,bicep_curl
44.99926041193004,6.694369675564307,169.36145055461222,54.49575533737729,bicep_curl
71.73337814545457,14.057391650399826,160.3620359609344,67.15826639904425,bicep_curl
71.27269554312586,10.29211495481433,154.90260683247084,16.694319758487982,bicep_curl
101.02219718707384,14.461614441674532,148.53708878551808,123.55375551321433,bicep_curl
155.16645608038573,5.067987537887235,167.5699168796745,51.740011754395496,bicep_curl
148.0316902441809,17.58054000592265,166.17385978622193,33.47077065172654,bicep_curl
165.52980909383604,18.07833897517397,171.68797970276333,77.56387041494419,bicep_curl
169.01910333382187,19.147007596151223,175.36339316012757,92.1997963419136,bicep_curl
172.53767220492637,14.672030653596877,170.32776596968037,78.43824857080345,bicep_curl
172.95081917239702,15.0268839092136,173.67594574961112,82.61353414404407,bicep_curl
173.20560612439763,14.143527348659147,176.10193790743614,84.91844074492728,bicep_curl
178.2103061441444,18.164016914481113,165.3756292618202,106.39586498874306,bicep_curl
176.7361205923713,18.656132696858634,167.39295782390954,76.60233224730138,bicep_curl
167.10087225763172,19.627628058539216,161.12736531324833,68.60920079998026,bicep_curl
137.47357221694526,7.354918633325604,162.8771400764882,110.68647884252974,bicep_curl
104.21671443178187,10.466703501901568,148.0645651825094,57.3121126659784,bicep_curl
97.7006840624945,17.478743508998996,142.92308495526947,52.46173555048156,bicep_curl
78.09718376526541,12.763104454322152,155.03968357688154,10.639328788873991,bicep_curl
72.08949519581242,12.812523684413836,156.48108593292227,63.63006442466764,bicep_curl
58.364585748519495,8.344749776024035,165.7471035303059,35.539708034560746,bicep_curl
53.85624635624731,8.969680201169748,165.16187696625516,37.56171860506374,bicep_curl
64.43912333276337,8.61107100692727,165.22353386330136,27.23932875120515,bicep_curl
61.00475546393997,8.681287070126467,162.64739218806415,47.98239632643031,bicep_curl
70.70278232977896,7.361430118311577,154.56747960706414,16.54452902572845,bicep_curl
99.93372881050142,20.24680726794838,149.196160102863,57.68206504452094,bicep_curl
98.01045118714377,16.262714642883367,160.12283492399723,37.419997202223286,bicep_curl
123.60830970708602,13.731827688756631,169.3656136841546,43.67996909900183,bicep_curl
156.6518715545782,21.792740284432504,155.86359406733402,62.248586068253424,bicep_curl
168.23992292688985,20.754734966771235,159.900333680662,67.33926168037658,bicep_curl
168.8082230310646,18.68899321202904,164.1607105314828,101.76849961251712,bicep_curl
177.85168947334537,6.594819708239779,159.81042354425924,39.42331502352668,bicep_curl
178.96951608978665,11.672186039587084,147.63711644826245,116.42604220994852,bicep_curl
173.916659697856,20.8906764746106,151.88422284558428,110.89828892710055,bicep_curl
135.59795436327352,25.05836476402146,176.60621127324026,84.81649459396027,bicep_curl
105.03655645245571,23.719057694654452,161.8985793424454,115.64885635805021,bicep_curl
104.03194661821571,24.560007076585215,164.7062257555114,67.96007696778588,bicep_curl
83.06426975080633,19.414257626368606,166.36757255186504,71.5727381956426,bicep_curl
84.18956735782224,21.118423119707803,173.99734109022836,78.20405216287892,bicep_curl
67.85128194993882,16.9281675490243,177.42179274582455,81.34238819811968,bicep_curl
80.75874043449167,15.268833606065936,170.8322405183454,74.72971520415655,bicep_curl
88.37602675781638,22.764014988735042,167.26983452428433,70.94308434298064,bicep_curl
106.22742573923432,19.073387619512236,165.62504785092796,68.74893615029418,bicep_curl
109.4862490155795,18.06003077490663,171.60442643400944,76.69870740308625,bicep_curl
150.22318067748367,21.335629811773774,174.82176882266944,78.37453830789354,bicep_curl
171.31323177809637,21.105824233770058,176.91657444012463,88.28745348368945,bicep_curl
170.8467928921094,20.58975411332665,175.260646178488,90.18183812509612,bicep_curl
176.62804527561323,9.62620270471477,169.66952699211936,95.54209128827415,bicep_curl
178.2263694992929,2.55130999397273,158.32457393715046,104.4195761590733,bicep_curl
175.6567292208257,2.2241012190835745,162.81643536867057,101.46185182312031,bicep_curl
170.4132259771853,15.27663616932264,169.84568637557467,95.52949796325615,bicep_curl
165.84276760572226,20.260768081718115,175.7584049499159,89.68618531785745,bicep_curl
147.46029333667065,18.551105594094036,175.39158111803124,79.01019815422937,bicep_curl
122.25310468976829,6.771656018007519,150.93521705465741,57.046753873551744,bicep_curl
99.85340970722983,17.207150835633367,156.67550553610698,26.729392187058973,bicep_curl
85.14390010190031,19.967156300114436,157.53962382052512,23.416841326450502,bicep_curl
63.29525714076361,13.06511929843183,157.08689050071598,39.23489464526274,bicep_curl
62.32929078526198,8.889410285610213,171.43925473791208,73.26470011667365,bicep_curl
81.2429494254696,9.69419553092949,169.94265276949,71.55290530086721,bicep_curl
73.47467064762097,12.8030779682594,160.0246503037683,63.81013384027854,bicep_curl
104.5227947235819,17.20677777225051,152.33793652708465,57.07448307464684,bicep_curl
93.2764885717093,12.714306161788508,156.88257369522162,49.44028905697231,bicep_curl
104.5949476285399,7.348774598406656,163.00614146159532,67.75350897069362,bicep_curl
138.72827005203163,19.12471504789091,164.62421077768286,70.12048425404745,bicep_curl
168.43114953385873,19.828407059040916,178.42839571923295,88.52002103433209,bicep_curl
176.55639676983824,18.22308119246845,176.13372607766084,83.71310634101076,bicep_curl
170.26538493705542,13.535343114191651,178.50351783243408,85.80219074119739,bicep_curl
167.70028572336184,9.051466076262875,174.66577593135574,92.77667395463902,bicep_curl
166.065716740045,2.553155849259143,170.75250334471158,94.82170448498516,bicep_curl
168.5179854924842,10.844903030064204,179.15083125064217,88.362526610067,bicep_curl
178.431515091794,16.38202646493924,168.00207358161887,76.84436268901317,bicep_curl
149.76506982576015,16.778429830230145,171.0873251540038,78.73339873495124,bicep_curl
119.54877868224204,10.130738365580866,169.0903479521604,74.46734866687726,bicep_curl
97.49634766253732,9.619899811674406,162.45619080273227,69.66546674628538,bicep_curl
85.17481190091586,9.59462646493352,161.13387260456614,55.58757714098015,bicep_curl
77.68265035009144,7.092595285734148,164.32010078048813,62.623902497506414,bicep_curl
69.28763940459484,7.03777993583808,164.00956700436578,24.9904522769374,bicep_curl
70.24781491840544,8.695240964116593,162.85761043632152,67.57366501371062,bicep_curl
66.1173898383856,10.731577141977272,160.35539815187315,64.79030724811705,bicep_curl
57.11660480273637,17.216395571979586,154.30611469122076,37.42765795789853,bicep_curl
39.80951532701032,20.61952668508196,138.0914707100069,47.54111608279163,bicep_curl
36.959065284733974,21.388588474713213,129.94500210298503,39.381874422177006,bicep_curl
24.05779668854476,35.23386796800762,131.4310847339405,29.70074917217533,bicep_curl
25.345443783021626,34.03088817867077,126.64267792182295,37.48006336669558,bicep_curl
17.537514531518518,32.904528587317934,133.63477866602727,45.91309886740182,bicep_curl
17.869691562189473,29.967128019401393,137.87523670632348,30.384665879515527,bicep_curl
17.869691562189473,29.967128019401393,137.87523670632348,30.384665879515527,bicep_curl
156.0248525791016,21.104168865244894,134.37008958760944,30.307812804496734,bicep_curl
172.46841317930918,21.545709560833426,140.69103170929682,43.14256163022191,bicep_curl
176.14779409912907,19.60810254297328,131.172673633134,6.970941801492864,bicep_curl
179.91246131717085,21.91979726987345,133.6920798826616,10.144934201112273,bicep_curl
174.16960351505355,19.52743659829215,131.15777143310203,42.07729992985017,bicep_curl
174.95776188753808,20.053172233106466,132.57200171099643,47.362253735811244,bicep_curl
178.13093626907735,21.870412485477246,131.89657914886158,14.851388089799256,bicep_curl
167.7657342593167,20.971404615261456,137.6602269279783,51.93238523270354,bicep_curl
156.8388865919211,22.549862339502823,139.26044547922535,53.71750942531429,bicep_curl
77.73355249873869,25.588011987805512,141.2791390983515,20.384620363502396,bicep_curl
35.56474885121855,27.99309817697736,146.65530836506596,52.43806818714223,bicep_curl
25.473016386676086,29.635948704096712,127.20542022014209,41.43734724545032,bicep_curl
22.21262588819379,32.57239853710017,129.3966115879298,44.48488916897779,bicep_curl
23.238805526303643,40.10949524695262,138.99849578782522,28.965324102812374,bicep_curl
21.660566775878618,42.12770607854264,132.1517557887154,47.317548551720606,bicep_curl
20.206654156841665,40.2811699349953,132.12624552594718,47.257451705565245,bicep_curl
19.732809707793812,36.36923448354542,129.2043866896912,44.72954887152758,bicep_curl
21.406239343916017,30.083401888823612,127.0934873901407,42.95103858690719,bicep_curl
26.044926413837803,29.384021464226205,129.34466654783262,44.543840689509125,bicep_curl
40.515413594129015,28.47545297472391,134.83639566392552,49.843043272894484,bicep_curl
62.27231479784092,31.987244596057984,131.49866972805006,22.033717617321905,bicep_curl
99.42610052527303,26.306864012763842,142.02796233898678,56.816334698198666,bicep_curl
160.73044601992157,29.01181774615431,139.23245900787745,53.798625351240304,bicep_curl
170.5528302163515,28.79755877246115,135.80261430226776,49.94162062878612,bicep_curl
170.32257200182298,26.717355567909937,123.220374838726,8.721449261298543,bicep_curl
173.42309047829033,28.26594700652809,139.94785933354422,54.49249249638404,bicep_curl
173.53011309568217,27.803270770090457,139.13581050189103,53.60897583616192,bicep_curl
167.10358513359682,25.11106458782771,126.91884540316502,0.4221146520253692,bicep_curl
158.81446093365236,22.86515308253202,124.68102919856912,9.962714446862694,bicep_curl
144.63571399296285,24.761534611062665,140.90186611575288,54.982994081595415,bicep_curl
97.1432639357362,21.980872058765932,138.7622809658851,52.925478769023016,bicep_curl
63.68798397715122,25.216807701613167,134.15648830698825,48.763805702192656,bicep_curl
38.79600051216774,29.92461234270579,132.42127866190484,47.84797722085498,bicep_curl
25.59507098194993,29.505809181310042,129.49066945909783,44.83468136755766,bicep_curl
25.121674428759373,39.052228192602165,135.93394258556444,52.26133862190491,bicep_curl
22.21631196335855,38.44770585173655,129.37072000765113,45.24637486915093,bicep_curl
22.813121531740375,41.477895739036235,130.40483782165614,46.85536326621001,bicep_curl
22.53830634977741,41.485152863908965,136.60803965670507,53.25180080898131,bicep_curl
33.915012754255976,34.865272983123916,132.5662787341363,48.590612374387256,bicep_curl
33.915012754255976,34.865272983123916,132.5662787341363,48.590612374387256,bicep_curl
55.90385455330343,29.974718164890792,131.44951796291053,18.772430806953526,bicep_curl
136.50197830912285,25.626405762161248,140.52374338726582,54.71470846489151,bicep_curl
164.73925697903417,25.179667927206655,139.00010965003023,52.9817121097716,bicep_curl
168.56292505781076,23.22447746016825,122.95424444535249,4.567600182876484,bicep_curl
173.2244131940455,24.559480370815823,129.61654552032883,14.686948846331365,bicep_curl
173.03639945155402,24.92159335660999,129.55551467524432,9.13771607278791,bicep_curl
171.0132327951543,22.782430863293186,123.86873251056545,8.562463656677842,bicep_curl
171.16192946371086,22.718140527024676,123.78724695152366,5.450159371673225,bicep_curl
169.584344760771,22.289998277227216,123.06589512338056,3.0589994612948894,bicep_curl
167.70063580925023,22.337082269107224,124.1762414156997,7.904872993517881,bicep_curl
163.65173121465526,23.15891193735503,137.292701928506,52.30905958932916,bicep_curl
130.61451132993784,22.435982047914937,137.53070799059145,52.10728392637606,bicep_curl
79.86246881855892,21.482531632100912,140.7781289008422,55.88434151567017,bicep_curl
39.850791356880165,25.244938583636305,139.00365346404973,54.254380585415774,bicep_curl
22.331333156214598,25.48895027592631,141.20575319710886,56.36714113204696,bicep_curl
18.42095934878421,30.994188461090687,129.61969489247315,45.38577742879251,bicep_curl
18.89449116928844,39.31168214881667,132.18458238159107,49.10127355629323,bicep_curl
15.400539445487372,36.903327883902435,144.7536954939504,47.95759556366091,bicep_curl
15.23449694322252,34.14408961657958,137.27598713553778,33.823422839002305,bicep_curl
18.26269523857392,29.582318058149838,130.70152687006419,46.24805349728121,bicep_curl
23.137309452288292,27.348637176567763,142.66976134258408,57.99467868983247,bicep_curl
40.123696336487605,25.88668828454017,140.04164176204054,55.366658445808284,bicep_curl
110.78091841335532,23.25131994713752,136.47176175215907,51.58823027925003,bicep_curl
157.41473630113435,24.855644940811274,141.28551015227137,55.981320571428256,bicep_curl
168.08639817163214,24.046031982951074,120.51938164249205,12.977196061789261,bicep_curl
169.11712115907534,23.84196319167728,119.28069913472876,11.148001528479117,bicep_curl
170.77836488507796,25.290714100107632,137.81014831693457,52.97947719100171,bicep_curl
169.7751109356528,24.285207288735176,123.01169943779345,9.611818366762133,bicep_curl
168.96843489999208,23.689602879074535,127.69187972425507,42.329540827584346,bicep_curl
168.08938049863684,24.235994238281563,122.6283001092203,9.849767925028178,bicep_curl
165.59786203417812,23.35657429860706,128.45280717808552,42.88347108081423,bicep_curl
162.45777291110733,23.857032594226986,119.39074955645776,10.99911123384495,bicep_curl
152.22054902793877,25.564769460067097,135.29839852630874,50.007837076696745,bicep_curl
131.70065525654542,25.14921219497448,137.8537024204896,52.700270784000054,bicep_curl
91.26181181846792,22.90120859167531,134.7955765817658,50.008196919397825,bicep_curl
73.48999979714411,25.391263184980836,140.1184366125563,54.81249329179691,bicep_curl
44.59922191918853,32.14946350527546,132.1858042642951,32.10336665952216,bicep_curl
34.44370083372924,28.456605031448788,132.32458037134688,47.392996955042236,bicep_curl
26.743906545325707,31.66558853721262,131.76366095070873,47.026794199484456,bicep_curl
23.357339648277392,29.88546442071543,136.24692137555908,51.810695125813844,bicep_curl
20.03832929030351,33.36354041206053,139.23924445245754,32.69539522333822,bicep_curl
19.715892979148272,34.76446691357426,132.27596899715132,47.5359167038837,bicep_curl
19.1964731397315,36.73654024614752,135.58073362716488,51.44962783209812,bicep_curl
20.714173575982773,37.4364075916481,134.57545655080546,18.85674779934987,bicep_curl
20.33564800991436,35.44242264243265,139.31978908689325,33.37076008180585,bicep_curl
23.735797113174552,29.43767564448678,129.05318688574167,44.46037880813267,bicep_curl
33.627793997702824,25.418408973912584,134.1899845351349,49.23898475934917,bicep_curl
43.27466472437711,25.576089329508076,146.39956135273164,62.03642567179604,bicep_curl
76.89663886341393,23.727408201745845,122.52893713562781,9.272663052434789,bicep_curl
144.9317826464373,24.11967900540477,140.78328402390554,54.569582798645946,bicep_curl
160.55980115135614,23.450640828663694,119.47830364385035,10.888451559782743,bicep_curl
165.79911341529174,23.814588278536103,120.53068431329555,11.697464906944532,bicep_curl
166.92882551365324,24.33879847529404,123.17588664757969,6.052605352445433,bicep_curl
168.432000465424,24.19687230550064,128.12326200669443,0.9007217157333962,bicep_curl
168.45800911882958,23.338792932520118,125.59731434091032,3.8891000045459765,bicep_curl
168.07314280407095,23.384491693363113,127.34955288450104,9.334208733417993,bicep_curl
167.34143721415134,22.999857160534656,127.44753260217806,8.172719516629895,bicep_curl
166.3117399351334,21.703886030819877,123.87810805633029,1.5306891005979952,bicep_curl
164.76265229875912,20.567222873351447,122.12700656544703,1.4132506787256578,bicep_curl
170.897552710652,21.857971137803634,121.69899900288519,2.185251343691099,bicep_curl
174.09865055381994,21.70229633470811,129.4908894392473,43.382704798817954,bicep_curl
176.93961199361436,19.19116218783462,120.769972452249,33.81333710896255,bicep_curl
179.36934378108057,20.217819424975875,121.84790171943106,35.162125652452275,bicep_curl
176.11144286137377,15.92851453073723,123.44916632955594,16.863297126962152,bicep_curl
168.16866198154412,17.095897176029162,147.13263865800468,48.23421830291826,bicep_curl
167.2587890390866,16.029152068985596,115.80879348316486,142.9270232642031,bicep_curl
168.18780107034027,17.213643739379883,121.25933471617883,142.4867904421277,bicep_curl
159.68845799039946,13.202541402737433,126.01153630988563,29.903258591775,squat
174.45239861157154,5.57353250510878,166.2020869056275,80.77807820454564,squat
178.64437619013182,9.19583626209208,150.28815834382715,43.1308037629283,squat
174.6949394615381,7.285297609133493,135.00332242814522,12.192502136025428,squat
169.23448654373055,6.693111183053532,152.45499967892744,41.050843058159764,squat
168.99915860098918,3.782229683475582,110.70941359018565,3.800574776204413,squat
175.28856224413468,3.95648555716475,122.63425061832714,24.16952470770138,squat
179.82053944657167,4.599866348658318,11.348751226491514,72.43960319781178,squat
177.92014953117746,4.477332335068699,40.2774282329532,20.809006047838647,squat
172.74648526935243,4.799462146223982,119.80383910967653,158.7461894952699,squat
175.69293231664554,7.153685595982302,150.18450311403183,38.40338685972405,squat
174.95883461447696,9.031878286632727,138.6877802871173,24.378103614441738,squat
172.38446431944956,5.017746588042755,159.75570052762845,103.52759101369395,squat
171.86856514206198,5.050762553504554,145.68135154087022,40.52632862063579,squat
175.35896427862141,8.834723290272887,178.69000633420237,80.59192719589842,squat
175.53899182548716,8.005429719387045,117.14041325537923,22.907265565745814,squat
170.63810562033314,11.805471318926363,155.33140872634033,57.24742407304786,squat
174.7102116227818,11.17620169269996,171.89269361668846,95.10167301791265,squat
175.07715462379085,11.296355442943382,137.9985946206308,41.59121663309285,squat
174.477616784673,9.19590221502087,148.8945467169612,45.88849401409091,squat
176.22704664307474,8.656122346154236,148.43647891407207,47.250068069638644,squat
173.011761218908,9.397283959961866,150.59316462880636,53.891156848570695,squat
175.25448554127462,9.110592747736948,151.7122538852319,51.77494478636091,squat
172.69911697074258,9.158114284294912,143.07611170081685,47.001057861831896,squat
169.62229545127727,11.052425473602908,133.53120524129864,42.144708351283384,squat
162.99383865216828,17.185982203251363,123.35157578859763,119.10812002945536,squat
169.2617529646724,8.415059567693111,169.13681417355227,85.6776236533568,squat
177.27098790259035,8.388732523765997,133.8722183357394,36.5263148132173,squat
174.26146881993648,8.527016726499488,134.24231405465977,133.70497827743625,squat
176.81319290777225,8.246639178222242,164.72757525306534,94.16401824708278,squat
178.2219780432325,7.096730091422157,138.2247574946841,121.31292984484679,squat
150.58164594439492,12.224903834384923,109.66477977784265,16.13416710959716,squat
174.9537100104786,17.165477921622834,109.94841168566936,27.977756591867447,squat
125.75556158803525,12.112948696635863,93.87490695126257,9.911320509979284,squat
61.2463126337097,10.594772911987253,99.79965146347178,1.5773409268652616,squat
67.13563584819849,10.37111912519531,116.19130763211678,33.76924003016063,squat
68.1499368482995,6.907153865812814,152.0754518313519,69.40582485172162,squat
73.35427056707435,3.2311396917098847,85.1008694578499,21.994728496258077,squat
71.03126245930358,7.994548541600823,105.10850265935292,7.535835363655579,squat
12.956681834339683,13.552050733700288,113.26723200218626,8.842158718584939,squat
0.22812458365489807,20.364101021850004,107.1982883188301,27.391217584254058,squat
103.8857525987217,23.8968693488755,116.96384991822316,39.14205218848289,squat
15.557654359516006,28.89470570599327,94.62190030250281,11.231176606851083,squat
5.391015178430963,34.925573296450764,121.84701817231226,33.3216742130519,squat
41.26570032763247,28.053161344784282,122.94794403576302,38.930784538512874,squat
100.9405575230634,34.85443198469307,122.1885828495632,40.39583103989981,squat
152.11084818425084,45.12904674120281,123.47110226669949,35.581084647044236,squat
162.7916403703457,51.780093198352006,44.19319636564942,53.84677301994348,squat
142.104939641055,41.65709726536991,101.73074318745125,21.278681385118613,squat
117.82404350913082,40.98807037185729,124.8959916682,1.144950154876167,squat
174.66308350986984,39.49679322454428,92.32001134981155,135.4935120178735,squat
32.19222546649805,4.740924184830696,85.69445427868375,176.4360253268772,squat
99.46789141288315,13.298423647497854,17.315559192444006,95.77636081483665,squat
101.35951036583762,0.9518203889195114,162.93385116731895,129.32565321486598,squat
116.40737554994723,21.42107839126323,174.66214332075114,146.31491397727805,squat
179.7883525309626,26.245865889126918,165.99703844807564,143.91651277183024,squat
145.71618312515656,59.481860823175374,169.44586892643835,151.11651807948022,squat
152.7472892525503,52.0549679636709,172.31503395811632,152.49089471174636,squat
171.6784576876122,26.907058898183326,172.4037110986542,159.09629099478252,squat
50.55715874764394,76.23058644221803,173.80344824166,124.53864569139972,squat
151.41669312707907,68.38311254973394,171.02066806055217,169.33455155193562,squat
9.536340290085375,8.771344630099227,144.96853188188666,132.28325088543897,squat
142.60420210493004,50.640466628576064,176.53898052938854,144.39094738277913,squat
137.27636389233257,48.66216589004437,173.9575313021435,110.21914168255957,squat
161.11299867798743,45.23445282281715,174.6291455997654,115.33603968882193,squat
139.6334282159031,34.21219142157215,172.91030700895288,88.047132675842,squat
107.55998168842046,31.24855806301156,169.7213836260959,167.4611519504583,squat
95.31090133046146,23.109453346422693,170.32993077622925,168.46050139999417,squat
82.14688992345359,20.02227412654545,168.71923831540224,172.18905728465586,squat
29.00459508197,15.556097990640419,166.73804752984006,163.81699790136568,squat
22.604266669098575,17.228970717761815,169.40221948230223,162.51385769398513,squat
28.07184638055948,13.06261293743853,174.88846250569608,164.87351991980393,squat
45.18102903664764,9.203390521136653,179.2244425977396,162.66548506035588,squat
40.98426754159756,4.059021260880048,177.92425632477295,167.2983903574858,squat
50.2026375065788,7.83872913377639,178.97478178692532,168.1495348370006,squat
43.34123934822211,5.955201403691754,179.0288959557878,170.41421103157055,squat
84.750966128176,1.2571142854416264,175.9398098086803,173.9595380894525,squat
95.90373286044411,1.7597121122921915,173.53376735404257,171.87865256614455,squat
87.03338115888016,3.6974247856460414,178.00554168774391,174.64715932267953,squat
94.59245606255223,0.2724501485029113,177.5281765101041,175.04718288292167,squat
73.54078255495365,0.23378282376039675,176.86996406778718,173.9704079315897,squat
89.57593407565602,7.353937582817685,179.50945608551962,168.05170430181184,squat
99.64813100476346,6.279753547665786,179.78002384897204,167.66078607643658,squat
78.79467467982825,4.950746661872012,179.15676847956232,169.57107577723045,squat
83.52445783697065,8.963564690971852,176.76453029551647,177.0907492066265,squat
88.1828351824026,4.158765522700636,176.83936317457346,174.77864759054802,squat
84.90215045961854,2.3933260797332236,178.0473604809618,170.81866369530562,squat
84.30004796424441,4.317181230831908,176.54628832390998,172.13169068318754,squat
83.5971713991571,6.183517553478978,176.27575756081495,170.41295010301837,squat
78.54116267622985,9.647894336421622,172.8963403601166,179.87817600143757,squat
78.52237156280584,6.062090190905122,174.83881598907175,177.7544300262953,squat
83.7900139569959,10.674439252143337,174.44555486317742,179.57280338516443,squat
84.41073761939421,6.998389384736511,178.68730198578652,174.67878615548693,squat
87.22434310151259,8.351520608719982,179.3398018926623,174.24859810412144,squat
89.77498598010955,6.999428240126904,177.15189969425205,178.52756891606023,squat
88.8721241471763,10.301804794477768,177.3539010054529,170.27971934352374,squat
94.67610290515361,13.418035222311902,177.31241495536287,172.61827790203824,squat
97.24721531284797,15.724241675023386,176.9397969092527,178.17286682718805,squat
95.95971405344436,16.479760879629225,175.55954444938388,174.4612821180959,squat
92.61272114375282,17.733670575650766,173.62205232051977,178.0872834905063,squat
93.14012043748309,17.136495160862122,173.0046150586972,174.6258538767697,squat
93.91134690599156,19.03280200688922,173.18385075900002,175.12369192074718,squat
91.88695751008534,20.215433416651198,171.84490702712594,172.45753116593096,squat
96.20108910816599,24.68305941509853,165.79878729593634,167.3325019453032,squat
97.27734281753486,34.47463106667963,147.89549949285444,147.90758803215414,squat
94.63517745917068,42.77403127727365,138.83676189041944,143.00170657902567,squat
97.82316792648875,45.84316047047873,126.18946734886336,132.33666866795133,squat
100.50827344647932,50.88349266388817,117.49984433032836,123.71136592364729,squat
107.43492290795032,52.86779463737159,109.70192917574823,114.76682024323028,squat
111.36593805289695,57.14392366202219,105.2906522333696,112.74434141046572,squat
110.21889634413917,58.665911696066914,97.67068251005821,105.65022457653308,squat
116.46232892489861,64.24115491593699,83.27912459767066,91.34083327921218,squat
120.67841230498209,58.478584363593264,79.86537766516261,87.88444415914664,squat
118.58542941182982,59.862219738007624,76.931865269855,82.5938605963075,squat
131.14853116948646,64.2770174315056,79.7570958998723,87.22336709621965,squat
124.89171235616288,64.80995232047464,86.43538395504282,92.96212078651867,squat
109.96350444957055,59.39528154416096,96.77070812850042,102.55705810698122,squat
103.78556256932626,51.077926083427265,122.28174007527144,129.14361527929572,squat
102.11899711017877,42.36378864933015,139.07909736391375,144.02097347620915,squat
108.39411896753484,43.0281937491641,149.74277221847353,158.23049433435298,squat
103.27649473253148,33.985798190824944,166.13406565184206,176.0507483263856,squat
98.05386926840801,31.1407312271115,171.18138471189513,177.01774321384343,squat
103.8105043294023,29.46683546683079,170.88492390743596,174.27992167420922,squat
100.51925812050322,27.712996761341927,178.51983147641275,178.70767828084166,squat
100.90364831996357,25.630103055781888,179.40660342271602,176.8630557061666,squat
97.5713667668027,25.350584351505816,175.04715196224865,176.36347824630528,squat
99.10142300034674,28.759908990429064,171.1673699674367,174.21996538515816,squat
102.43492544829496,28.92519878397345,163.42908220332822,165.66334532748076,squat
100.99120541567684,36.977299157891494,152.4214647875493,155.39653594348292,squat
99.69101822140934,42.89752905171151,144.34736635212744,148.79778451488966,squat
92.16251894670064,44.7415813628668,123.54629427864066,124.56151338510931,squat
95.84323445902228,49.52149842576985,114.03505162679335,117.75458585417525,squat
101.0868825212938,52.285425795965956,109.99913806098553,115.30121454174622,squat
109.67845264476887,53.5311417193506,105.68554330125542,112.23508631088029,squat
112.6487724896068,60.666641939393,90.93530801831616,95.45329480304581,squat
117.78942665384965,60.26195438659568,79.76446222825535,85.98211541720066,squat
117.41700824191966,58.37531352091777,73.20987203343032,78.11625198643333,squat
118.10879616306453,57.775393851406626,69.36946532696624,73.85613221605422,squat
126.19154431760157,60.1721545424501,72.27833084731162,76.89204473990135,squat
123.14264157531443,64.73120724785454,85.31287947754572,91.83807519400453,squat
115.22435354004847,59.38535341969021,105.44346528054513,112.33936886438133,squat
111.189969001727,58.916649997627374,106.6954736974441,113.3440165680033,squat
116.64604560752466,54.52916096363572,132.1444647324879,142.2677309109467,squat
118.82097243903036,40.76430791160083,155.04219238544036,167.0654026282697,squat
119.51432387933845,41.261088787430374,162.57010443738776,176.77288781849842,squat
105.91019133397111,30.701890951242323,170.49446865175352,177.6010056619656,squat
105.81744467095683,29.50108984322151,172.7764707596863,176.7706259419115,squat
107.53423615966469,30.248838607215916,173.88451869937157,178.00382690541605,squat
104.11200485103878,27.10161688561477,174.28135734534212,176.3337001699078,squat
104.0965098900904,27.59433120047442,174.33984187179558,176.77621476571403,squat
105.98585731066404,29.400563244625257,173.50784457141108,177.00057647134017,squat
108.2223032399905,37.596828166752594,162.75698327497162,170.89090610197908,squat
106.37672223215472,42.602570285079146,151.01966642060634,159.457051074252,squat
109.35300489539135,48.36085272205089,141.49424424352313,148.2902888087809,squat
106.4708567664855,59.22321758541684,116.3521310023724,124.32507824313967,squat
107.65814266766542,57.728198863315384,114.16299607964785,121.04832533078479,squat
119.61919636628855,64.99496819562121,92.99591128241451,100.10303656680165,squat
131.16966672347573,65.58848274756883,82.36811685210557,87.77137674333669,squat
136.87181664662998,65.99198557002657,72.7594141892057,77.21254879731872,squat
133.77219460168638,64.22189363677123,68.9841567491701,72.6376742906196,squat
134.34991224272983,69.65268062330927,75.22830967491456,79.9140704922014,squat
124.21069891263625,66.68590710578384,95.90494308459012,103.4660126935574,squat
124.22228900276282,67.95142029933561,97.89137971655572,107.91611427315922,squat
127.62220476207466,59.350842779188284,126.71511759409861,133.9743445894737,squat
114.27788826837752,39.01861503909575,161.13071806142733,173.92279995619742,squat
108.71073132615557,29.26207375311763,169.59944465926273,178.99367078476223,squat
106.49187604433463,27.460863779564463,173.25105888803634,178.61071800136384,squat
101.76807644548167,25.204610709768914,174.80946798230116,176.03531220955801,squat
99.47280526799682,25.263302552405847,178.22183614644706,178.14347444210958,squat
93.7555342088305,22.970534539484536,177.8010552577631,177.56875103563638,squat
94.5592709289052,23.750079148654336,179.78307900130798,176.9416134031868,squat
89.35961695889637,20.94468303599537,174.209081337807,169.07602460987172,squat
63.24482911619668,12.360699733926172,175.33920309210728,168.5192786205963,squat
54.47851725894328,17.98231698754924,177.09197069762078,174.00005943941136,squat
31.3590678580592,20.85273774554153,177.571956099865,176.42719085432742,squat
15.188010615396623,22.794905804848025,175.75773942622146,171.8580054796996,squat
8.221164899718305,23.29671523401645,175.8510853899168,169.68447623239655,squat
2.142322133947193,22.412267989115843,172.85085776480594,172.16590625050404,squat
10.86456341609851,25.005681074170873,172.00115450471432,178.83906674883968,squat
17.08668557235413,26.673582652935842,175.88033560881803,176.9614906996354,squat
23.455276163762402,29.057173167643672,174.656435207192,178.173441179072,squat
34.51318800781456,27.565665312537227,172.1220081235631,177.4193332709196,squat
33.12262997776914,25.592219202384143,171.25370507683002,177.3302838002603,squat
33.08760236571843,23.058835316449535,173.13072747658282,179.3904744357603,squat
31.577922852256442,23.359955626072175,172.43796328066497,177.92414805187946,squat
29.85064646221521,25.271159260186163,171.9809979123964,178.7357806227853,squat
26.090137899777037,27.71736456658316,172.66952699064652,177.85345713976167,squat
26.893882513468913,26.654552486250964,170.87534030278883,179.41598514046254,squat
26.53098315925095,27.534045187201162,171.16702908097088,179.95900877209147,squat
29.917459859319074,24.972926880979468,170.37340937450003,179.36111387223295,squat
33.68183604639635,23.464564415929846,170.50455440307388,179.290835452016,squat
34.86333319473377,23.94334003617419,168.51126811964681,176.62090198156537,squat
30.753821713587207,25.479754160273377,167.18097903411032,177.012494562883,squat
35.61186868005774,24.300108372833904,162.8945705812691,173.34999392910245,squat
33.04199240331435,24.703320267720088,162.46862471743515,173.00814748200236,squat
38.35588946807755,26.74485068398711,162.49715618719603,173.9143979217438,squat
40.27774878445197,27.19281491012278,150.91983361281797,162.8741055048371,squat
54.064821471861876,26.28521894510222,138.99817496265183,146.54386150848575,squat
53.11513486070764,25.190275697899803,139.37806600406378,148.3429274330373,squat
56.85621156533184,25.395659637991457,124.38636132932695,134.1963891227551,squat
54.98083945362388,21.401094700982565,121.55778050566661,131.04647880576115,squat
55.56516446787638,22.200159546367587,121.15676862083089,129.4492305576337,squat
60.948692726130936,27.39133976877853,135.24094982333054,144.38966775668464,squat
59.404860610897764,26.133536544800382,143.3640557700012,151.02799116497567,squat
57.078776265919835,24.99819103587493,157.61903857214472,168.53627683865653,squat
52.94904015993346,21.786742161509824,162.9853075606991,177.86048741400714,squat
46.53319468913637,21.413262474883492,163.5715585755881,175.26846120522345,squat
43.94954334898366,23.277153569478767,164.37115411950765,176.20444651448076,squat
36.796904683921035,25.013970759604085,169.05694279116636,179.95060406608897,squat
44.14467427774244,21.960162405470534,167.93546408798719,179.58327806746942,squat
45.74716577249077,22.063162318825253,168.3746945418963,179.16596224212196,squat
47.372178668365216,21.576676587993347,168.04130732896962,178.57794966729472,squat
46.92111678302487,22.212345939898924,168.58584065727632,178.87791153935603,squat
45.851427808868074,22.149197946477823,169.55746050798152,179.81995725367713,squat
46.663496872443275,22.81439300069701,168.89706552383262,177.71742536458177,squat
40.132938188648716,23.21961077770899,168.37480970361173,176.2337500379209,squat
40.8642445727754,21.82028804182401,167.21757206060778,176.10764268246353,squat
36.61853955027985,24.33191997835921,166.102241138009,174.99480535168288,squat
42.63293852460876,25.55647311561574,162.28238564024,172.505629372392,squat
39.78274407053919,29.255013948293282,158.19761012369605,167.99152333437402,squat
54.65467103658582,27.621669584862758,155.485509280785,164.07957085623795,squat
55.27254545571122,26.401017241012624,141.3261852856305,148.21394641792207,squat
60.0224353595742,25.08746930965394,141.3255806429369,147.65262728256693,squat
60.4329175158308,21.563609578801213,135.63347309365423,141.50823477409236,squat
59.91857372164348,21.322329523904614,131.1617421908602,135.91385638407664,squat
60.51012772228775,23.225548204153796,123.19040871760805,130.30615040186382,squat
65.26564737487779,19.52652947047445,139.78970246422725,145.35879658877383,squat
59.07807767618749,19.569574525041933,157.751758451104,166.14049292701426,squat
54.551342537101554,19.250083953346795,162.59603943567234,167.71834318941796,squat
48.37913118654007,15.913107571607554,162.95505339711215,175.2285304769129,squat
51.05721375551881,17.89317202647414,168.58758630060225,176.99347523649686,squat
47.27719622840615,16.05666065710325,170.67815355161375,179.2139246380131,squat
42.14677545196831,22.874352611436812,172.0155561429714,179.66625669786546,squat
42.898085919547846,23.09423732907935,170.68856427485767,178.44124878273084,squat
41.22810844758112,24.13418290087678,169.61436817848656,175.18586497418448,squat
41.95027713381749,24.54937669540926,169.75104418641004,176.26730892259118,squat
37.65506494496106,26.305346949274302,171.75399240145853,178.53254657429497,squat
40.20115229914476,24.648731249950455,169.38045644072574,175.8715639160531,squat
42.74729964022188,23.847612414494318,168.4338153869926,176.17273997613742,squat
50.94023116671051,23.10058671817079,164.41137133941345,170.03540923170993,squat
51.64586445412736,19.9072951987965,160.2215477987785,167.0980908692723,squat
48.072773340540074,23.165727383107093,158.7877761830644,166.43601700070923,squat
52.83543242302446,23.58794003953986,153.76425283343033,159.36405905147305,squat
56.859735056212294,23.35491870851936,149.31137764986133,155.17396685813483,squat
60.35750733966277,25.96198906118739,131.9949172699063,138.77872012627702,squat
62.27633399464545,23.44806690448528,125.242490272309,131.24333067872942,squat
61.09037302349921,22.397434431639653,136.06441977731527,143.7324323764204,squat
60.46734103103368,22.20152955123156,121.58891406078968,131.8544671901432,squat
58.66756995530816,24.38753990661118,118.9065789060962,128.02855910759288,squat
63.488496890914796,22.9783546529119,129.8898567744834,138.2639856459872,squat
55.35528426997638,20.319800088807707,154.89242389913107,161.10338149343332,squat
49.45873114961378,18.85591639874794,160.54521969013624,166.16900164035792,squat
51.96148401400127,21.096369790768122,163.93299069955935,176.04163198756365,squat
46.63941826668526,23.67780350048792,168.42987703722292,176.37887164755668,squat
44.31217020247043,21.294175985758937,171.70499827843577,177.9901195782195,squat
36.26314958992843,23.46006159831478,169.85801619238933,177.14762118749803,squat
42.71184531436694,23.868138709958753,169.8544771609873,176.1546947209269,squat
43.179081878890294,25.453968936646902,170.05386138694286,177.49439947888104,squat
45.968342197003196,24.26217905064291,168.71653469534155,176.44887466509132,squat
44.1003826840744,25.07190105431855,169.1186045630804,176.84188141974488,squat
42.609215481383465,27.411489123550005,169.88199633644314,178.3653040447752,squat
41.22086335611308,25.908623146077133,170.35981391994648,177.58332888374125,squat
32.37248486106266,28.120384181932902,171.46226409338615,177.35356736095756,squat
44.42665336752472,23.327712077483373,164.41090307763614,172.5747199155899,squat
45.69561085350987,19.681275898796308,161.54183095221273,168.65422951772817,squat
45.5871964239972,19.34497273168827,158.31132386259438,165.55737038937312,squat
58.35744350496325,25.961375908443074,152.0590185152243,160.88163929520505,squat
55.10044261330269,24.28497757662497,148.14437740205753,155.5642222469097,squat
57.996308456718936,26.191400272028773,138.47048418531142,147.59370119919802,squat
62.81093910733779,24.535747560134354,130.0391309112626,136.25895629546193,squat
64.10049290336006,22.27546909177735,132.17601615142652,136.29417158014698,squat
61.08412606616687,21.049689259900266,149.7104467510872,155.71924644548372,squat
66.6340145422521,22.27710913478605,146.74501312686763,152.55210136723466,squat
72.58857304829557,22.46245397207572,148.88962034150794,158.5195090768488,squat
64.21041543607697,19.383001286546058,158.47392714871268,166.6209656800901,squat
67.22577275696993,18.16286421665873,161.0974843635046,168.5328799056791,squat
60.63908376408852,17.889632222722632,165.0342644366197,171.49935734164578,squat
42.66012449474902,22.041146303375676,173.33667212450504,178.66496968973132,squat
39.26663633410497,25.444610448286017,171.10067479476257,179.05915792541325,squat
39.76697283471775,25.5954229172744,171.19470355735083,179.46765134705248,squat
43.25398622575854,23.529193947599428,168.4034396381565,179.03926484333195,squat
45.6547689064258,23.91544168280859,167.7308387515544,179.80839029771076,squat
52.37304194803093,23.745282574668188,167.41771116920805,175.37755206682615,squat
58.78991589493378,23.74673437291973,168.8146004843866,174.83462478633214,squat
83.30722602118459,8.971929571749687,177.343084305851,173.0351543027356,squat
90.26850098545876,8.166347234690582,176.6211947884649,172.42725851970025,squat
107.3941898774864,2.4391759237963524,178.6672616388582,168.99490199227992,squat
120.10928874269015,17.91907164271165,176.47941982899354,164.86683832076142,squat
114.64754990145232,16.820419350436758,172.9985304059038,161.0234629428378,squat
124.1125993754139,19.64518197497403,170.00605535364522,159.1131821843367,squat
126.32766378958785,26.6703720338173,170.12523069630157,159.5963593758655,squat
126.18460652874491,26.376448411366635,172.46049822648044,161.0878820655783,squat
134.65546302168514,31.669065537764247,171.47452296491585,165.45520633855182,squat
140.349917262147,34.69796950823336,169.2248105022829,161.09668334465158,squat
138.3237740380371,34.900755519647255,169.53796482950446,161.70080939595462,squat
130.83527990836973,28.72240570120559,172.72387591440705,164.5232616476088,squat
134.66443777394133,30.776072257805414,173.88117998556666,162.56107027036492,squat
136.74337060495085,28.753594049050925,172.6494671632856,163.1688245304654,squat
129.68187950295683,28.71350147776876,169.16773191551022,156.63350319527026,squat
118.30981736773913,22.202211787860655,167.66698392830875,156.99620822248846,squat
121.1136787291485,24.30797459807095,167.06675183874714,155.18395329601418,squat
136.9888866067914,32.95357025481624,164.09471329854296,154.25074835555532,squat
133.02609114148493,35.60226070547253,166.82345164195397,157.97305387074067,squat
130.75416659952197,33.74458170011863,166.26604216104218,158.0029915472753,squat
129.27838234221338,32.25776787368208,165.85319575516496,156.84176870080185,squat
128.54695228909662,32.16839622353904,168.06442977122742,157.00248934218325,squat
129.90645789833218,32.69157149033661,166.33132435115596,154.06390055779673,squat
131.06433451798108,31.137337152570243,165.14507595767896,152.2585072800166,squat
130.46195147338216,29.17267112783833,169.26790411586654,155.67377695477975,squat
125.9620860298227,28.106785819917143,166.53110334769696,154.681040068225,squat
122.8272239909882,26.118071105722358,165.29488031246242,153.39986988080003,squat
116.66301079953054,39.93908247028714,139.89028558413915,131.28778513001598,squat
108.02539386686007,45.75797219611926,129.75030116604862,123.80440125630747,squat
107.02875044524356,46.62570987661905,127.1943997494093,121.7838821135438,squat
109.1302543075671,57.005617316447335,108.08203159700437,104.6222116351343,squat
111.58955624191334,61.010128436193504,96.07015860934592,93.99250319053482,squat
106.89279549366039,64.38162861832546,84.99294950411486,82.48460240602236,squat
107.62285032218351,66.80692851360385,81.89903268645949,78.31940225592598,squat
112.25599209290276,67.08265311190283,80.29809225983867,74.21845994204801,squat
106.53350734677348,62.68070205587517,84.19086864092219,84.78223373419786,squat
108.29073928765514,67.57888599821908,78.89164205640195,74.36008179437891,squat
118.22858025303171,62.80332828830745,85.45952116546113,83.02467446831196,squat
113.1374959758178,59.37934272755192,90.4773126207731,80.26967156696207,squat
113.2144031581864,54.23893487095367,102.89101441065776,95.71455894462827,squat
111.97001453489075,51.02924721007924,120.9699202078954,110.83616547240612,squat
123.23538968056245,50.59560262364684,128.61425173274134,119.54682931608886,squat
131.49089121015982,42.17648769915228,145.29199421682767,134.34971886637635,squat
136.17892478749644,39.19587875147301,160.83915598129505,149.1486436987177,squat
129.2433955733495,40.62922461642885,172.10599169781665,162.57083651317467,squat
125.08167264061363,41.164180042708026,169.31374884480562,158.45238310395976,squat
125.8644501362354,41.83016480156205,169.92126643289697,158.33739735535266,squat
131.44963316278856,42.16601213494263,169.9117475620027,158.8508996050174,squat
131.55896113700064,41.54085864300916,168.00508934681184,156.72038229592343,squat
134.28799627888816,40.71858435546339,165.60518733177085,152.41973829932698,squat
132.88311214595274,44.60902921570338,150.96181317579843,139.194777086423,squat
118.55564331291914,45.65338421290503,140.09901443949903,129.54905423214532,squat
116.80325305086166,49.92812513179149,136.27467301224414,126.96161591375517,squat
116.22308530492748,55.39683637144647,115.55480472237447,107.79214702485396,squat
119.2082034388421,58.87197361327512,106.10410898482861,96.23079245105538,squat
118.50612820637863,62.172080823561515,94.2766329019807,87.53418971723164,squat
110.26462629820122,63.457603840836235,84.53821740496439,83.1431352562829,squat
109.96815440306112,66.0191967928085,79.12065527516113,80.33509493274158,squat
102.72361390168803,60.56972754340517,84.08395897151124,84.93354082214478,squat
98.78886603383759,67.4182208914176,79.67513160394799,74.88710092841939,squat
103.3047696270805,66.37493118793007,79.04423952737267,75.47428659705878,squat
107.05417749400802,62.607358383853395,82.42014531764586,75.66944595080304,squat
113.9906063140027,55.485494817582605,98.64357016306317,87.81684696141258,squat
106.44549734564961,50.638178255530384,110.69637249950503,105.65609747829697,squat
104.86910202543746,46.513304384006105,128.08153213389156,117.22424083556237,squat
125.18584768537019,46.40312686081515,138.0347184814517,132.008375206203,squat
121.1325499747332,38.53192784286187,160.34315576546481,156.74262824474138,squat
120.13278278351409,40.092527488784405,169.11001161454973,163.3518497750247,squat
120.81944666252207,39.668457416006056,175.38867085633794,165.90275341721687,squat
117.67582652462097,37.75285588404391,175.15827474711293,165.68405886599774,squat
119.84668490553828,39.43060646418293,174.36782739947864,161.19704564119613,squat
123.51177008770082,40.104260287663216,175.5179519812581,162.5940065664985,squat
122.51974387197,39.29227158176819,177.55861896426808,164.78076530629346,squat
122.06784007915775,39.60036968434789,175.8187520277104,161.3601690350654,squat
127.65217603702524,39.588796070767245,170.479012258461,164.4396216960796,squat
122.41642157060734,43.48616333280382,157.1496690562871,146.73323534451953,squat
115.63922524216404,47.66914538055198,141.35545101764222,124.77067342260196,squat
106.15714704334448,50.59083763816454,119.63698241193973,103.25425961267183,squat
112.93740250991347,58.32285141204557,107.83714910420393,92.85880749920295,squat
115.14365508628279,63.661824793515464,93.5209803831893,88.74431589419288,squat
118.70201980854299,68.16293143221515,78.38682620261946,77.12435456684676,squat
112.9793092111621,68.54824196597181,79.8047443197818,77.08246991119023,squat
100.26559520015346,65.55651835466861,80.16345088046265,81.42519900847691,squat
101.74212194508434,67.33425760898129,77.54208798822737,78.32161153451955,squat
104.83414633916114,70.0295425681653,74.16898205758876,69.588907381061,squat
119.83575190027163,61.741472456017114,93.86897524533555,81.94160332071516,squat
111.1419625916338,57.0343083134652,104.22453974336152,95.07077569255136,squat
113.587622260473,51.27758975842459,120.91488450451669,108.56207904393872,squat
119.12890429139281,49.02253405324458,129.389108712083,119.05301342814775,squat
133.90779371642108,45.92133171386037,146.19191636322063,132.74844216039585,squat
127.6226955637003,43.90063368867419,169.77259536799684,162.78495232437515,squat
123.82488099460375,42.76640885951576,172.21354824206236,162.18186446024112,squat
122.76567782763432,43.39580459695169,170.50148233224837,159.81157437825775,squat
119.79158580847368,41.22329900567327,171.93342751510988,159.36994221113747,squat
117.80370030145451,39.51536049714833,171.73267927352262,159.3931214296755,squat
115.68932124200217,35.265653752220366,173.33149902649077,161.06070735022737,squat
124.42889977669516,26.544933094275063,177.5595131001798,155.88799328384715,squat
123.37775208091442,23.14379437731447,175.15988111614914,154.38690244130072,squat
118.61199521709946,5.151645139901304,176.444044958149,165.083408435668,squat
103.61336359036136,10.753318909770869,174.28869684006312,174.48895123323032,squat
97.1775312149866,24.973923214475683,176.7361085584457,174.0770474034729,squat
106.04673490567714,26.354925044076772,175.51718270910905,178.91911323936225,squat
98.80918258492947,29.267636553292323,172.3666930621528,176.0329438319552,squat
113.71093938190727,25.74024169134263,169.5260923870578,173.58925929999012,squat
131.60424017451288,21.544615126150045,166.82876759279318,158.31568273721905,squat
128.32013253490078,22.333069295454404,169.16294977420822,125.81760385779651,squat
164.8426824602945,27.179962316895292,174.97458151712993,95.71220064804459,squat
151.44006056222398,26.566597162000555,178.2746252324811,99.4977518519329,squat
152.1605197600676,21.494416157445556,172.3151359905414,92.23841545973681,squat
149.23905840235997,24.89883189109184,174.70656890411627,92.21927320505036,squat
138.82429841468593,37.49395623174566,162.95484283264597,54.339533696102784,arm_raise
161.16679422402572,17.819873126100692,158.05761987531474,68.11283194665933,arm_raise
158.1864738509717,23.269365188816156,170.15490410018268,77.34704947190792,arm_raise
155.7072082809228,28.326231356192395,155.85434894902068,74.93827456379971,arm_raise
140.72058905427727,38.3989434575891,146.04251851162394,64.61522379203696,arm_raise
136.55966424225053,38.854273912418144,150.029697446375,58.68864719440995,arm_raise
141.63800189954856,37.28089946840067,154.3544294485433,71.25920285969788,arm_raise
141.6302201485154,39.079836248368245,161.85318426972037,80.45259382083202,arm_raise
175.01940088027183,26.511147624516745,155.64569737543923,72.18112470975785,arm_raise
177.1801182000304,24.647806311550138,155.58485770935695,113.89026348744987,arm_raise
162.25527352685108,23.94745261444215,165.95283706702523,97.74832210796013,arm_raise
171.29565316769842,23.58823117422563,163.30856345255336,100.61867396958685,arm_raise
174.7622295319882,23.734488125855005,149.89455962696258,63.84583274697847,arm_raise
172.32324157542698,25.495513758269578,149.0880358310775,62.40934800581937,arm_raise
174.0237644528704,24.97430268192543,147.5365963578642,61.178562322849174,arm_raise
176.48101183397094,21.772429277368214,148.39732445426665,63.33508331378832,arm_raise
174.05182221393025,22.112937557814547,148.36481322384756,63.4835510294402,arm_raise
170.34734378799916,21.403693460378424,154.14661536870773,68.5434533551075,arm_raise
179.10521551944018,14.684873781723748,156.44492867637095,68.59460271840258,arm_raise
169.93630831569715,19.52633202475388,136.98342688116853,42.931283130860855,arm_raise
175.74871667330137,26.405201887290463,158.57928989863726,54.070402155098236,arm_raise
174.82804038801657,24.138771411278633,157.69866526747086,16.457216849302224,arm_raise
179.35332798784975,20.843658451173106,166.17748421578554,9.706936190243455,arm_raise
178.11440495571048,22.69602967859573,179.85104985165546,47.35476077480615,arm_raise
176.50724392606656,21.09430475444489,164.78024084860613,48.60896704602713,arm_raise
176.9258625067747,20.124160266970193,171.6487900537719,25.35462237828836,arm_raise
178.57321050768388,22.00713177774409,154.7863431925253,46.4049487748158,arm_raise
175.4155233698482,21.95428976291667,151.91376760847774,42.341813091821265,arm_raise
166.23857768458834,22.876545125357598,155.30011624699503,39.575626093177156,arm_raise
158.26183898858898,25.478181984298573,179.05749977684468,92.79807916864054,arm_raise
156.8200885774322,28.205758565840167,153.40027493506997,66.46195588385078,arm_raise
161.45193334005256,28.032013239373132,160.61020577138518,76.52915741229164,arm_raise
178.2678931526699,11.983428667016677,155.98590508112858,106.39153380760122,arm_raise
173.15295455174214,18.299837959878513,158.33278782444782,104.70950501590245,arm_raise
165.66203301248177,27.403342826201172,157.90692710739114,73.39705388115385,arm_raise
168.49987497687735,22.845868841109034,150.8692784073976,65.43925787831847,arm_raise
170.00093772212477,23.10279980197166,156.36116563019274,70.1271583299426,arm_raise
170.7033451287291,28.999223934164654,166.17051844321384,80.01705494175566,arm_raise
179.25243602370364,27.2082155963,155.90029036378985,69.53942426940374,arm_raise
176.91315468604057,27.240156746163358,147.41131053384726,60.13041730095497,arm_raise
172.00804329158373,25.364369169083183,149.80094289607192,61.860067702007505,arm_raise
174.35837752147236,26.012727903324276,149.77720177904004,15.939387040335127,arm_raise
174.51262251348027,26.338986054819916,146.82796427748443,14.518430719488727,arm_raise
175.2866340569128,27.854719488691124,150.63728828739784,63.07675464672209,arm_raise
178.2772033057334,26.156251787268083,153.79256874139415,66.07089672988756,arm_raise
174.36206069605865,25.61680138451028,146.36180002394042,58.60645482428194,arm_raise
179.75399964402615,30.588747611647804,151.2650791326088,19.500708707592093,arm_raise
174.77416888756093,31.338998899535902,149.41325117432027,23.29884895389676,arm_raise
170.8637036861434,33.510225050746946,145.24879625886032,57.394890298278646,arm_raise
174.46181848094534,40.05117047712989,148.80953628356033,62.71506835383984,arm_raise
167.37781847246978,44.40768496775585,150.5748675970436,63.596815543594964,arm_raise
173.84122321477486,55.554284863939486,151.34625305656047,64.15730824793587,arm_raise
168.5652660846394,63.949857445412455,155.1572383235147,34.6035888048594,arm_raise
171.95962253731614,72.09055247890464,142.08389634902372,38.25903875631442,arm_raise
178.85118926499092,80.55061317164487,144.67560060580237,57.97894966170444,arm_raise
176.9405448761556,87.70932662949734,142.8419980025979,80.39204863468329,arm_raise
165.80952228312663,94.30047357698754,151.46626359947695,67.3837542894687,arm_raise
167.23407431115044,99.31613559418116,148.96968902251095,64.8178538073692,arm_raise
168.91734079659787,102.9180973251303,155.0733606887335,70.2130083978237,arm_raise
169.05851873672464,100.68446134518177,156.3736950853269,70.36669282288254,arm_raise
159.20982140503082,99.99544752094369,169.5549172496214,83.44973419236133,arm_raise
163.447605467883,96.91831609882092,149.81404199731364,64.62761177370513,arm_raise
163.447605467883,96.91831609882092,149.81404199731364,64.62761177370513,arm_raise
161.82649575110088,94.71869761624401,149.89883793742212,64.44163854933134,arm_raise
165.73855980647681,87.81913708477056,143.3767783881416,48.486429184835515,arm_raise
172.4083392151562,82.66961768964697,154.9700646881199,69.03372805808716,arm_raise
171.47005622824855,72.2235162994255,168.53333641379842,80.09610956674376,arm_raise
173.68108402962153,61.02920391262222,163.39983171729634,74.37535422531036,arm_raise
173.069241261582,51.77748826066513,153.66432512555681,64.41907426972087,arm_raise
172.525443887687,49.80820307143532,158.3207807072491,69.78082908215832,arm_raise
168.8783912207775,47.752509642952276,144.08709956595118,19.20736720467148,arm_raise
170.26490605793063,47.495688815518754,143.1938746905323,25.870074305892803,arm_raise
166.90572900117826,45.67726270762106,139.03152419451078,17.766239665210716,arm_raise
169.42986000490123,47.30986530613122,144.04463364725254,8.463487118175957,arm_raise
170.0891511158622,52.08800741419498,148.16221707069155,3.2070031795527805,arm_raise
174.0145253744832,64.33212392990227,166.52084064736306,78.77577429646121,arm_raise
172.67786028001217,75.51381450494146,177.23850501054125,95.21060308842371,arm_raise
170.91717257670342,83.22575331463895,151.4782819239173,13.237327820584337,arm_raise
153.68460592554717,94.19894422637168,153.23694034003958,21.523029257415573,arm_raise
141.05616151597417,101.37187080450695,157.15802833353598,71.16480631465232,arm_raise
172.6796612966476,106.95881949544889,155.3804906895811,81.90171926702055,arm_raise
168.8522747921996,120.13783486792533,162.40096875126196,75.6528830734386,arm_raise
161.09828981104758,128.73562455748944,158.950764142941,84.77144574947532,arm_raise
160.85680970191171,133.90362205028435,163.88285163370185,85.74335716480974,arm_raise
156.35396603184134,140.40919338142783,159.40669068922128,115.91902924355249,arm_raise
151.93129202289023,146.29884629343783,163.79628974180415,115.17486262196948,arm_raise
126.51972730791942,147.60855235647264,164.49302953220803,128.31896327469457,arm_raise
136.1860675981143,161.70227630435704,159.4402477668587,151.66676270209317,arm_raise
160.55164564928108,165.98685813260823,161.0965891553431,134.26843170910124,arm_raise
157.94742355741073,172.33557115122585,158.19128715820284,158.09775906846698,arm_raise
157.48370206050805,173.5738651405265,160.05738841510316,165.71864019329018,arm_raise
155.08633958788602,171.22179988893419,160.89090217936416,165.35161144696477,arm_raise
150.54362725591653,171.12781402260708,160.14125330577036,160.17908482166115,arm_raise
154.97127346895857,172.75032632561476,162.20753644222427,164.97618621460157,arm_raise
156.2185453267208,172.6553495199193,163.41686042300844,167.8950177082179,arm_raise
158.62482734689561,174.9513874578348,163.64132586848208,174.03864217969672,arm_raise
157.1981731294416,173.27252065185087,163.85693853418894,175.1913621804797,arm_raise
158.70625016433888,172.84874202290197,163.18409156933512,175.7458243353647,arm_raise
162.70135101815512,168.507688738322,163.5789449981265,156.6288608558749,arm_raise
161.133471031439,157.81674702837915,165.00229970611204,154.89181026653029,arm_raise
162.44859173815357,155.13104982804617,163.53172253262736,153.17375891003724,arm_raise
155.75182531460877,145.97363647744868,163.70668009138834,143.18368069283858,arm_raise
164.0498194224842,143.86916745314426,160.46594079268638,107.05827034986922,arm_raise
166.19244949178324,137.24096888980824,162.20080737062946,94.82327599118865,arm_raise
169.67744747065785,126.4027731015835,166.26493012442108,98.29371709319997,arm_raise
168.06130196353325,121.88268618897914,164.34970560880757,75.2141254483209,arm_raise
154.7139710564508,113.73707120974046,157.73566560717882,69.79808714959934,arm_raise
160.46958936459782,102.82248510795273,161.91526717695407,73.6197135029223,arm_raise
158.39313711093413,91.18772001448042,159.68675928113453,109.60393243210393,arm_raise
178.881701431815,83.18145311787565,157.4396599128648,110.3848895508662,arm_raise
179.85375208694626,75.29412893109941,156.57120744593885,67.92876236258127,arm_raise
175.85599298417372,63.73805442052345,155.18598946656456,66.16519791265792,arm_raise
177.63296427303166,60.35827817467414,156.194465503987,112.68263140615272,arm_raise
178.56682722086487,59.74521923241331,159.37308646803734,70.22351185615007,arm_raise
177.72037331992104,61.44587672218947,158.76267882394168,70.24955715575508,arm_raise
176.0212538210701,63.18954862122699,158.34156607774693,69.86073055561255,arm_raise
177.3004968810787,78.90350682439507,158.66524944933445,110.45616777076418,arm_raise
177.70849476836375,95.04972123785996,155.59988655621396,67.99175725700285,arm_raise
169.61999226630604,101.81657563020252,153.75084700226085,26.611720600811122,arm_raise
164.39716930980362,107.56796576959206,159.9776182495287,67.35990058568811,arm_raise
163.83090924775644,120.46124176305179,163.51078807523518,74.96787678644827,arm_raise
160.7894870827272,130.19359260489313,166.3470642549845,121.6476681804218,arm_raise
152.79503823811407,134.4103469876302,164.56384098760046,145.35532976795062,arm_raise
151.9987274123113,144.52965734161455,161.87287346353398,142.3677414525233,arm_raise
152.9203490301527,152.33270334953826,161.82450748124327,134.56864340591494,arm_raise
123.39689231920285,171.19797260536885,164.5685325097577,130.08947193640708,arm_raise
144.3128940262917,166.56235610311896,164.6802211579054,141.6462887541502,arm_raise
152.9370832349465,168.00035964382442,167.2823752200927,115.19597283679035,arm_raise
159.50088446452637,168.75214455197957,166.9407755403853,165.39524198591155,arm_raise
159.13989874981834,176.03283670491166,165.32918900690044,168.0269838800433,arm_raise
158.68370596037994,176.94643390917167,164.23736450084724,164.1885665096815,arm_raise
158.38440112105948,177.33879717922255,164.33022472958913,162.95541656068167,arm_raise
159.63886799322609,176.08247898130534,164.37223003479713,168.81437046170186,arm_raise
159.9316197015699,175.79363485850666,164.95313096147828,169.84612447111215,arm_raise
160.06639477355196,175.76888059050603,164.92191378231104,167.9607272645619,arm_raise
156.8979461089268,174.33220432650748,165.0016027357211,168.52854369224957,arm_raise
149.38993632735995,164.3241194024319,163.88568800296557,137.19467838797325,arm_raise
167.40981601300408,162.06272516908854,164.97262484567494,154.1042294004024,arm_raise
167.3529890634089,155.04493173416327,163.82164088311612,135.62483659272155,arm_raise
163.4037466814299,147.65441439661535,165.25231390446757,148.96690070164308,arm_raise
161.93710786748989,141.99315135009357,164.4958039621862,122.33351878160596,arm_raise
163.72416256280664,133.33088187949474,164.1475301352359,141.08024016742786,arm_raise
168.8913508515691,120.64207704952977,161.2755451038964,152.9170137590336,arm_raise
158.7960055865538,112.61849897183617,159.97874937957044,71.44437123550567,arm_raise
171.38328344820542,98.97767445054757,159.5520173406123,109.4362895138618,arm_raise
172.20790355049624,89.97138917811229,157.91512692628723,110.78489309755795,arm_raise
179.09797408639622,76.9291878845059,160.91913543480524,72.35863431560621,arm_raise
179.04914179944333,64.02631106334343,155.46354610643857,113.15143192766024,arm_raise
174.1563574349176,54.590054038971516,155.1039415899702,66.72033845330073,arm_raise
173.41853545117996,54.67666459440061,152.44277759304896,49.68573534218738,arm_raise
173.38656046270052,55.934424355965604,154.7472777128658,36.8589194208532,arm_raise
177.38187118951006,60.41391480584111,156.8942490146295,112.39689319022406,arm_raise
176.28924700787303,70.99696503001836,160.95927983248072,72.42327904290227,arm_raise
171.4367783077566,92.56061204526054,156.3313440020281,111.73494741406208,arm_raise
173.32923362226137,102.27962947428995,157.38250289027107,24.285199877904326,arm_raise
162.4717087804091,114.96636884575784,155.040346439975,67.15326900372379,arm_raise
151.2275358644036,129.4502555655871,165.44633270181197,126.4347321444436,arm_raise
159.06275069509311,135.00071622657975,162.83253958908995,123.24693396295469,arm_raise
152.52018695558624,150.72976492395549,165.08992276814166,154.20323697616206,arm_raise
139.20175298201255,150.21950407304786,164.98019065988285,138.36887578952857,arm_raise
153.81659786806733,167.23397958732525,165.30607860037762,157.7834583021647,arm_raise
152.23718342466037,167.74157072100076,165.08023724528894,161.44470528399307,arm_raise
152.78432165298358,174.38484931870798,164.90411983967084,167.43274236422968,arm_raise
153.9779086109715,174.93056814266757,163.88067412639987,171.11859198289696,arm_raise
153.67369356337514,174.8286118636196,165.1124415573189,169.84276460648184,arm_raise
152.93480273433352,173.72278324265022,166.3314399270494,170.11228860230528,arm_raise
148.65072652795612,167.02225543800748,166.62239317561915,123.98631644734812,arm_raise
146.1617564579188,165.00708711906333,167.31442789177697,122.3787626550827,arm_raise
149.1853805284291,149.2720177371377,166.51521843009468,161.83987567614665,arm_raise
154.42184098865522,143.97049354512978,165.43857157355535,147.54352622995734,arm_raise
150.11323880774475,141.05640403840164,167.07283130790987,144.94662688554854,arm_raise
154.96638551456473,134.81009767810852,165.60413426722747,147.2886840005625,arm_raise
158.65627874888577,119.13620574755811,166.87900335914813,102.46554561605296,arm_raise
156.31956156452225,114.91110871519186,161.60378700674437,73.26302563992743,arm_raise
165.0671252731513,97.9635041111207,165.04807856412225,104.14567502859202,arm_raise
32.50374229855832,83.58874419253745,166.3958584157133,103.31754885131227,arm_raise
175.057157467918,63.13307682502899,158.23276420345098,110.65719221274193,arm_raise
169.6164081247912,48.86735270676015,156.4901400314843,69.5360026727018,arm_raise
177.16011665784563,36.162465100605836,159.12662796402572,72.14858083404536,arm_raise
159.04182359743106,32.851865433682725,158.40184221867378,70.40969037121121,arm_raise
147.42412835848685,37.15018357304108,161.98637036139064,74.34901916331536,arm_raise
140.06912592711015,40.36195220429464,162.91986807164847,106.15043838447392,arm_raise
151.62309568853695,34.579456808266805,160.38132215323375,71.08427137504191,arm_raise
166.539579262396,26.574348412406934,160.86768690808077,70.07941550760152,arm_raise
164.81382162534157,25.27163787531566,167.10691053052338,78.55787647325882,arm_raise
160.05533615165652,27.281031034512402,163.10844496327277,74.46141453313507,arm_raise
166.40402758834222,26.14104786713126,158.94043280184738,70.277733868806,arm_raise
175.77754725469077,30.33929658717837,155.4893816006679,64.74968101619393,arm_raise
175.77754725469077,30.33929658717837,155.4893816006679,64.74968101619393,arm_raise
166.2416865659394,40.327890957178504,162.65829886800714,69.51137415469402,arm_raise
64.68390389206836,63.82000952038632,164.3998788980112,109.62516256045555,arm_raise
87.40499389700182,77.42245461200943,166.70731172115677,107.39695953915603,arm_raise
97.07779706722853,91.04072607379828,162.1151803558969,110.92800979387337,arm_raise
111.70921519955273,110.41504700520616,166.33031295203304,106.54580323639303,arm_raise
121.40418675756013,122.85289890859508,165.90326663090616,106.73341070078442,arm_raise
135.8846693915614,136.79099276652784,163.9485309189419,109.20085661596619,arm_raise
153.10184747135284,156.82131453444944,162.75357635741187,136.2698953307083,arm_raise
158.77886443854655,164.33669471717258,162.59935400983994,80.39561266817006,arm_raise
157.21145024928703,167.36155584005692,159.9919451532711,114.04954628771281,arm_raise
159.38248706635986,173.04253278793627,162.77660426263304,89.37024963785962,arm_raise
163.64603708946456,177.5073938275282,163.44195640292395,81.1594286461963,arm_raise
162.01368916872627,176.72916557278623,161.4151035714913,151.62418314752634,arm_raise
161.13025156649627,175.04268520692207,162.9501225686685,176.6924590292048,arm_raise
162.66035047028535,176.97959639958523,164.41628644220492,159.9694430243868,arm_raise
163.01350466237673,174.8525165679076,162.82896901589282,161.62346693254398,arm_raise
162.9072122333657,172.27676443076928,164.11988031795497,137.8828479941542,arm_raise
155.60525961343205,162.73652952971267,158.97606743073123,74.00028145390819,arm_raise
156.3943702146348,155.93154729694155,160.99319593031177,69.92091055668736,arm_raise
150.88846967095165,148.5438611087648,166.42055591569672,74.92761077007675,arm_raise
114.8951573448447,94.36728486530336,162.1822179702557,109.98814762217773,arm_raise
68.62966355222146,75.99490930224579,164.46783021811137,108.03600758450065,arm_raise
171.87037355181587,38.84111843108824,164.86724496105757,147.99271892885986,arm_raise
169.46081227830135,34.36842691722993,160.30039131933344,110.76324899447715,arm_raise
169.92306481030138,30.869662636327455,162.21313933176998,108.66146962844473,arm_raise
170.2003992412383,30.471793857058156,159.7671671638752,110.78162459691296,arm_raise
171.09706457567617,30.40155740425022,160.0907975019895,110.31539226060931,arm_raise
170.82236665279385,33.32668759731371,159.98874189262068,111.06277283534595,arm_raise
175.25833264757716,39.137344502137665,161.60306567597817,71.83653216660082,arm_raise
177.99523746744256,51.13483361637524,161.6355235553533,110.15746445418796,arm_raise
134.37461004756184,74.44039517881916,165.17168541025796,107.1885036578972,arm_raise
122.48732195942306,95.98310006482535,160.92858703749508,69.06625742357234,arm_raise
140.42990261305985,131.04788320843616,160.09488058338854,69.36594307022037,arm_raise
141.3483711957735,137.52633808862697,164.77756627151447,74.07045720690384,arm_raise
149.5017637930944,153.526099878389,165.00290894846253,74.2577997116196,arm_raise
153.38258851135913,153.6648069767039,160.04015891661504,80.25205634405528,arm_raise
157.99618351079346,158.31029050030253,163.9717649459679,72.72222499912797,arm_raise
159.91317172517537,161.56712872097503,164.65439827764317,73.71000635965784,arm_raise
163.73888770963597,164.5603338856775,164.3678664950925,79.36584457572575,arm_raise
160.749547339969,165.30329693456292,167.36811941796284,88.37523792127895,arm_raise
157.3741340184785,164.2684195272129,167.50918348647866,89.06272509867763,arm_raise
159.80281146492194,166.60137531281538,164.97966460560974,170.66841705586933,arm_raise
161.57260775601162,167.48995344014693,166.38623156264126,143.36348772360444,arm_raise
160.04369985207651,165.74128118219056,167.3376050413753,144.57987599491537,arm_raise
164.50696629320583,164.59897715957658,165.84788354594417,83.97171509897245,arm_raise
162.56930991214776,162.199527972266,164.22870641799753,71.37522915593617,arm_raise
158.4727108332455,156.81589371389887,161.91666772615812,68.14931053809723,arm_raise
154.85938360246837,148.51612081797484,160.3958817587138,69.96994420458307,arm_raise
146.71117083558465,144.21939423597544,157.6243432855013,66.9363648851941,arm_raise
132.91291551939904,121.57613231713921,163.9293888214289,72.3650057956774,arm_raise
142.7171087821946,115.08825467956055,174.5551679168632,81.17703700117983,arm_raise
143.35844414921505,92.68627757696981,162.6134608784315,69.78738710229757,arm_raise
162.76142106307918,77.86333978234121,167.91895359409625,76.36815749912498,arm_raise
173.14229684152704,56.40153399035937,165.29054666526483,166.42192782152222,arm_raise
178.9918999954918,40.5150211826665,162.4041904132844,72.20243208294966,arm_raise
176.09842993040996,36.58637173180673,160.18611414404728,70.73224796781908,arm_raise
177.1015187436216,29.221686547173533,156.84249690557482,66.59347722360415,arm_raise
174.44077671290887,28.908572088116106,156.43464596396655,67.0631737877597,arm_raise
174.74784370936985,28.339097960940908,158.16527315508048,68.9092369694408,arm_raise
175.92758464179383,28.019291834749854,157.41492674276842,67.59128662530219,arm_raise
178.47517310105238,28.93286775532887,155.77689116430707,65.8318970005719,arm_raise
179.1357235129305,32.052702463781536,162.53724921040305,72.44086666232766,arm_raise
174.6653450437784,42.80671317129783,164.35393771567328,74.79400159106297,arm_raise
164.51207842177217,60.2589053417983,166.42264015118252,75.69764353992063,arm_raise
143.7733925908062,79.43743177110173,160.11922805982778,70.2447159117004,arm_raise
149.08555112689402,95.94675930783643,158.01346268325264,67.11463828067377,arm_raise
146.72831179929673,105.7108807736906,162.00004466991038,69.84871616827778,arm_raise
156.62018393858028,121.34365420740787,162.0067908373664,68.61117460458712,arm_raise
159.87987453650254,129.29339655527846,165.44583778585266,71.62125871578687,arm_raise
162.4885790988985,136.42590549278225,167.73616465135973,88.44158257198244,arm_raise
166.5299016378021,140.74714034974477,169.818941956138,73.8511007072434,arm_raise
165.30496221020582,144.1812387301436,169.03596794321587,73.58304944638584,arm_raise
161.70355593863277,145.6196941998338,170.34679660934293,75.09581470923459,arm_raise
169.68450973946403,150.69710175168203,168.37214984036032,72.86013724187204,arm_raise
167.58051078730594,150.30140206500786,167.24312205740128,71.58779164066338,arm_raise
166.6366586184267,150.06726404274607,167.9983224309796,72.13809717015604,arm_raise
168.3171869431379,147.84126769773314,168.79912904490774,72.3112703447685,arm_raise
166.39390424207258,143.92146406837858,170.02916208619732,74.16621574780226,arm_raise
160.79666065005,137.6132379400147,166.58377379857052,71.59113610888231,arm_raise
140.93844973176317,114.31585897276065,165.1229984614449,71.28933228396498,arm_raise
135.26124431568692,88.0009185042386,159.01920207656966,113.81788341871749,arm_raise
151.37208002505704,73.86737571634,157.38654406495178,113.74556413416761,arm_raise
174.9664105107571,38.70792331800024,161.07727567545774,69.93893605089832,arm_raise
174.59677794677802,33.42733436815342,163.26384377381126,72.41327603897989,arm_raise
171.27295700623188,26.195219325872813,158.70631950855167,112.10037213619043,arm_raise
173.68258250247206,25.298098341405513,154.4969373658934,115.66043731577784,arm_raise
174.08016845011264,27.473026402951003,152.26065771309655,116.7494543708811,arm_raise
167.41147415274037,32.82266727552358,160.917324269851,110.03809663000007,arm_raise
172.87321617482192,33.28639117846301,160.60594180266304,69.910568589131,arm_raise
171.22152262306815,37.38831003430192,155.38363489944604,66.82912390956604,arm_raise
174.96720956738534,34.578818488349114,157.40617115737126,70.19250662586917,arm_raise
172.48365238747252,36.477665956467234,172.7602991447787,84.84980375017089,arm_raise
176.89806854710193,35.01430689285783,157.5108569410798,74.16982636509282,arm_raise
179.71276688779673,34.424046097570454,155.6285560787624,85.90533904070315,arm_raise
178.56835259446837,32.836562665657915,156.83877557797553,83.83416536952018,arm_raise
179.48641003029047,33.03176865635743,156.8935677926393,84.01156773195412,arm_raise
178.83575500455265,33.587276410368446,160.84584939381227,78.95583412356198,arm_raise
178.92395079111142,33.490769098222145,160.59863475425513,79.42691912055344,arm_raise
179.74822080433742,34.1639133582956,158.68531950184226,83.56538863781117,arm_raise
178.96949421797163,33.88100073921048,161.47292812164994,81.14797809073556,arm_raise
179.43310088067557,32.568887466295315,157.27721174730019,70.13470941071701,arm_raise
177.5010788912519,33.00631495102674,155.84893840408694,68.72804228177783,arm_raise
175.37717416812242,30.005563299044915,156.6832072664235,67.79615933173294,arm_raise
175.09762558219646,29.46339850340023,158.37323641836164,70.2193951293521,arm_raise
179.2419144593873,25.324035808822288,153.25523621124148,64.78376844062015,arm_raise
177.58749346441286,27.963410226919002,156.0025971687636,68.40109324441828,arm_raise
178.4431059168487,24.302276863407226,154.10594908839056,65.08397024606062,arm_raise
179.53774909148873,24.28084888763258,154.25214038018643,114.66866688215569,arm_raise
177.72828279814266,26.761116568518002,159.72305224956247,70.95559804732684,arm_raise
177.7174088614091,34.25151487775858,162.1643737863577,73.77142648509205,arm_raise
167.69380915923708,56.107546401711275,160.0784038388809,70.4055628514831,arm_raise
130.9522650862982,87.68730217088118,164.05365535330705,106.8725081566001,arm_raise
135.13572458643372,110.62484704629841,162.57671439314427,70.10830507697949,arm_raise
150.35223631155637,133.3994743394335,165.51400934934884,72.46380376806395,arm_raise
154.57396697454092,141.48478726258259,165.88778973567236,72.66026124124697,arm_raise
152.43819091218407,143.5954161959405,169.31445691691047,101.43061167823893,arm_raise
141.00741110627374,141.15430902242468,170.30127910314653,148.05742649930505,arm_raise
153.29155027642668,151.06855754533467,168.35423568979522,121.92704710512578,arm_raise
156.63468946397492,156.58395121682008,167.8275579037033,160.2924430337636,arm_raise
157.60030731950187,158.58880182019712,167.5130528063001,107.49371898166713,arm_raise
157.29309958629673,158.6357643600328,167.98932923139176,119.44755253117954,arm_raise
157.1579335019831,159.52018379393093,168.72640357694257,88.32865800930423,arm_raise
152.24074059371335,149.45101383926746,169.2571274615328,74.93483927786087,arm_raise
144.96030017027573,131.14358121121253,162.59587495746865,69.63320905444176,arm_raise
116.76192090340699,97.18514808462294,163.47511845441176,70.63693029351624,arm_raise
115.49666430431917,67.98688200108144,162.68955928486588,110.59980724063303,arm_raise
176.56155266299226,46.28368827825669,163.3930233041529,69.58826199494555,arm_raise
170.16423919499664,28.72510889743172,161.5141729858476,70.30342527518334,arm_raise
170.16423919499664,28.72510889743172,161.5141729858476,70.30342527518334,arm_raise
167.18387481069632,27.354352507328418,159.71039882819895,69.17477976413684,arm_raise
169.12123367682636,28.066300418238434,162.21480348159284,71.67700717240207,arm_raise
169.12123367682636,28.066300418238434,162.21480348159284,71.67700717240207,arm_raise
179.4729220616885,47.16987856893854,176.70121834320753,86.62697069733915,arm_raise
178.42535495083155,68.17372329466863,160.99789921466092,69.28870742828437,arm_raise
134.84902858667758,92.33499716963775,161.19637470999783,111.79298325147425,arm_raise
133.39032083920205,111.70509836401953,161.69675318071876,69.6132753889362,arm_raise
133.39032083920205,111.70509836401953,161.69675318071876,69.6132753889362,arm_raise
153.2309973689349,148.60880037133614,161.84619114580897,73.1131278324867,arm_raise
154.92892525392534,151.01714518026674,163.58295625355242,79.89279135003939,arm_raise
154.92892525392534,151.01714518026674,163.58295625355242,79.89279135003939,arm_raise
155.1846207661831,154.12312659455702,162.65318213794149,84.42631958051533,arm_raise
149.78855798053482,144.08827414031938,161.71635844532685,147.77548088636044,arm_raise
149.78855798053482,144.08827414031938,161.71635844532685,147.77548088636044,arm_raise
150.26002906557395,149.06311194686904,164.01627662534347,170.98588394975323,arm_raise
148.11476599694342,150.9450754993782,163.23746858850706,175.52752142438266,arm_raise
148.11476599694342,150.9450754993782,163.23746858850706,175.52752142438266,arm_raise
147.58877443324525,150.26771852548094,171.7060810855499,94.58061538071252,arm_raise
149.27309770629512,146.6677445147741,167.1171789976289,89.42198185409696,arm_raise
149.27309770629512,146.6677445147741,167.1171789976289,89.42198185409696,arm_raise
137.24198061161215,132.10757540501203,168.07517870201582,78.92085374169794,arm_raise
144.01918382782463,137.93785829901987,166.67262656243298,77.18078199008228,arm_raise
93.40817465185478,94.93760155173226,161.3609994210523,109.16263486504153,arm_raise
145.50742218736445,68.64735917094933,160.8443306618824,109.71040670232608,arm_raise
179.35898539889152,38.94271259010744,156.59893761689003,172.24351406467684,arm_raise
177.66713693266485,30.214167819799044,157.90066599985494,70.03486856952901,arm_raise
173.11381389496182,28.204173324757075,156.4428688857612,69.02183439482809,arm_raise
172.21681542569794,25.19466329563743,150.17691876743885,60.414826164601955,arm_raise
166.37283250010123,26.660755116867424,144.581585599227,53.43812136578777,arm_raise
171.276120968742,13.497979020769288,152.2415354006991,105.92006540277968,arm_raise
167.31008840270508,22.779308768386677,167.98205681826204,79.48911923898059,arm_raise
159.23922804169894,19.604764103023786,156.42334354972886,69.53933312432059,arm_raise
152.4537647931293,21.272379369296015,150.87156303726738,66.76551736999852,arm_raise
156.17377650822783,20.61969856728174,141.55683335285553,58.26574116749813,arm_raise
164.17156750625938,19.945986801694453,129.76543940258395,31.82231957404159,arm_raise
141.4199440291055,24.149409436814647,164.52978007273194,84.76848743509169,arm_raise
125.8604889896101,20.590074044126982,127.96628433037618,126.91451014561662,arm_raise
131.29256546268616,20.95123450465664,96.7215350955248,146.13832693712786,arm_raise
